file,required,short_text,reference,automated_validation,validated
a-e-eng.txt,FALSE,NA,a-e,NA,NA
a-e-eng.txt,FALSE,booklet explains how to comply with the attachment of earnings order (aeo) that you ha,a-e,FALSE,NA
a-e-eng.txt,FALSE,make a deduction from what is left (the attachable earnings ) after you have deducted:,a-e,FALSE,NA
a-e-eng.txt,FALSE,r the purpose of calculating deductions attachment of earnings orders fall into two ca,a-e,FALSE,NA
a-e-eng.txt,FALSE,"ion rate of 25 calculate your employees attachable earnings, eg. 190 set aside his pro",a-e,FALSE,NA
a-e-eng.txt,FALSE,"ion rate of 25 calculate your employees attachable earnings, eg 170 set aside his prot",a-e,FALSE,NA
a-e-eng.txt,FALSE,"ion rate of 25 calculate your employees attachable earnings, eg 140 as the protected e",a-e,FALSE,NA
a-e-eng.txt,FALSE,"ger or shorter than that specied in the attachment of earnings order, calculate the nu",a-e,FALSE,NA
a-e-eng.txt,FALSE,u should calculate your employees total attachable earnings for the pay period multipl,a-e,FALSE,NA
a-e-eng.txt,FALSE,an ask the court to make a consolidated attachment of earnings order (caeo). this will,a-e,FALSE,NA
a-e-eng.txt,FALSE,ation is available in a handbook called attachment orders: a guide for employers avail,a-e,FALSE,NA
a1-eng.txt,TRUE,cate which type of order(s) you are and attach the draft order with this application r,a1,TRUE,TRUE
a100-eng.txt,TRUE,"my child), who is the child to whom the attached certified copy of the entry in the re",a100,TRUE,TRUE
a101a-bil_doc.txt,TRUE,"my child), who is the child to whom the attached certified copy of the sydd ynghlwm o'",a101a,TRUE,TRUE
a104-eng.txt,TRUE,"my child), who is the child to whom the attached birth certificate relates (1) , in fa",a104,TRUE,TRUE
a105-eng.txt,TRUE,"my child), who is the child to whom the attached birth certificate relates (1) , to (2",a105,TRUE,TRUE
a107-eng.txt,TRUE,"my child), who is the child to whom the attached birth certificate relates ( see note",a107,TRUE,TRUE
a107-eng.txt,TRUE,the adopted children register should be attached and not a certified copy of the origi,a107,NA,NA
a20-eng.txt,TRUE,u will nd a list of the documents to be attached on the application form a58. if you a,a20,NA,TRUE
a20-eng.txt,TRUE,nditions applies. you will also need to attach a brief statement of the facts you are,a20,NA,NA
a21-eng.txt,TRUE,you will find a list of documents to be attached on the application form a59. you may,a21,NA,TRUE
a5-eng.txt,TRUE,ption act 1976. a copy of that order is attached.2.the transfer would be in the best i,a5,NA,TRUE
a50-bil.txt,FALSE,been made or applied for. please do not attach to this application copies of adoption,a50,NA,FALSE
a50-bil.txt,TRUE,eich cais yn berthnasol.note: you must attach to your application a brief summary of,a50,TRUE,NA
a50-notes-eng.txt,TRUE,"completing the formimportantif you are attaching any order of the high court, county",a50-notes,TRUE,TRUE
a51-bil.txt,TRUE,hod)cases concerning a related child or attach a copy of the ) y math o orchymyn (neu,a51,TRUE,TRUE
a51-eng.txt,TRUE,note 2 a copy of the placement order is attached. see note 3about other orders or proc,a51,NA,TRUE
a51-notes-eng.txt,TRUE,completing the formimportantif you are attaching any order of the high court or the f,a51-notes,TRUE,TRUE
a52-bil.txt,TRUE,option.a copy of the placement order is attachedsee note 5gweler nodyn 9gwarcheidwad y,a52,NA,TRUE
a52-eng.txt,TRUE,cation a copy of the placement order is attached part 5 statement of truth if you atte,a52,NA,TRUE
a52-nodiadau-a52-notes-bil.txt,TRUE,completing the formimportantif you are attaching any order of the high court or a cou,a52-nodiadau-a52-notes,TRUE,TRUE
a53-bil.txt,TRUE,lication (please give details below and attach a copy of the order to your application,a53,TRUE,TRUE
a53-eng.txt,TRUE,mber type of order date of order(please attach a copy of the order to your application,a53,TRUE,TRUE
a53-nodiadau-a53-notes-bil.txt,TRUE,option and children act 2002.if you are attaching any order of the high court or a cou,a53-nodiadau-a53-notes,TRUE,TRUE
a53-notes-eng.txt,TRUE,der section 51a of that act. if you are attaching any previous court order to your app,a53-notes,TRUE,TRUE
a54-notes-eng.txt,TRUE,ption and children act 2002. if you are attaching any order of the high court or the f,a54-notes,TRUE,TRUE
a55-bil.txt,TRUE,rchname of your contact in the agencyor attach a copy of the placement ordername of co,a55,TRUE,TRUE
a55-eng.txt,TRUE,lacement order (please give details and attach a copy of the placement order)about oth,a55,TRUE,TRUE
a55-notes-eng.txt,TRUE,to change a childs surname. if you are attaching any order of the high court or the f,a55-notes,TRUE,TRUE
a56-bil.txt,TRUE,lacement order (please give details and attach a copy of the placement order)name of c,a56,TRUE,TRUE
a56-eng.txt,TRUE,lacement order (please give details and attach a copy of the placement order)see note,a56,TRUE,TRUE
a56-nodiadau-a56-notes-bil.txt,TRUE,ild from the united kingdom. if you are attaching any order of the high court or the f,a56-nodiadau-a56-notes,TRUE,TRUE
a57-bil.txt,TRUE,ourt or family court court). if you are attaching an order made by a requests or court,a57,TRUE,TRUE
a58-bil.txt,TRUE,ical practitioner on (give date(s)) are attached to this application.declarationsin re,a58,NA,TRUE
a58-bil.txt,TRUE,are sending to explain the difference. attach two photocopies of each of the followin,a58,TRUE,NA
a58-eng.txt,TRUE,s born on and is the person to whom the attached of live births/register of adopted ch,a58,TRUE,TRUE
a58-eng.txt,TRUE,lfare of the child requires it.you must attach a brief statement of facts (and two cop,a58,TRUE,NA
a58-eng.txt,TRUE,ary evidence to explain the difference. attach two photocopies of each of the followin,a58,TRUE,NA
a58-nodiadau-a58-notes-bil.txt,TRUE,the register of live births.if you are attaching any order of the high court or famil,a58-nodiadau-a58-notes,TRUE,TRUE
a58-notes-eng.txt,TRUE,vention adoption order). fullif you are attaching any order of the high court or famil,a58-notes,TRUE,TRUE
a59-eng.txt,TRUE,s born on and is the person to whom the attached regarding the childs identity relates,a59,TRUE,TRUE
a59-nodiadau-a59-notes-bil.txt,TRUE,m is the state of origin the if you are attaching any order of the high court or the f,a59-nodiadau-a59-notes,TRUE,TRUE
a59-notes-eng.txt,TRUE,r of marriages or the births.if you are attaching any order of the high court or the f,a59-notes,TRUE,TRUE
a60-bil.txt,TRUE,as born onand is the person to whom the attached of live births/register of adopted ch,a60,TRUE,TRUE
a60-nodiadau-a60-notes-bil.txt,TRUE,or ^ ^ ^ ^^^ civil partner. you should attach to your application any part 2 about th,a60-nodiadau-a60-notes,TRUE,TRUE
a61-bil.txt,TRUE,lfare of the child requires it.you must attach a brief statement of facts (and two of,a61,TRUE,TRUE
a61-notes-eng.txt,TRUE,islands or the isle of man. if you are attaching any order of the high court or famil,a61-notes,TRUE,TRUE
a62-bil.txt,TRUE,on a copy of the convention adoption is attached see note 9see note 11 rhan 5 datgania,a62,NA,TRUE
a62-eng.txt,TRUE,on a copy of the convention adoption is attached see note 9see note 11 see note 11 par,a62,NA,TRUE
a62-notes-eng.txt,TRUE,"ion 67(3) does not apply, or if you are attaching any order of the high court or a fam",a62-notes,TRUE,TRUE
a63-bil.txt,TRUE,"y proceedings that have been completed, attach a copy of ) plentyn (e.e. chwaer, hanne",a63,TRUE,TRUE
a63-eng.txt,TRUE,doption or convention adoption order is attached made on (date)ora copy of the oversea,a63,NA,TRUE
a64-eng.txt,FALSE,er (this will not include the documents attached to that form)the adoption order or an,a64,NA,TRUE
a64a-bil.txt,FALSE,er (this will not include the documents attached to that form) the parental order or a,a64a,NA,TRUE
a64a-eng.txt,TRUE,formation from court records you should attach a full certied copy of the entry in the,a64a,TRUE,TRUE
adm1-eng.txt,FALSE,of rm or company) particulars of claim (attached)(to follow) full name name of claiman,adm1,NA,TRUE
adm16a-eng.txt,FALSE,serve this form. see notes for guidance attached to the claim form. adm16a defence to,adm16a,NA,FALSE
adm1a-eng.txt,FALSE,form *(and the particulars of the claim attached to this claim form) are true. * i am,adm1a,NA,TRUE
application-for-anonymity-notes-(iat)-eng.txt,FALSE,e the box provided for this purpose and attach additional sheets should you need to. i,application-for-anonymity-notes-(iat),FALSE,FALSE
attachment-of-earnings-orders-for-criminal-fines-national-pilot-april-2004-eng.txt,FALSE,measures; and a national pilot of wider attachment of earnings orders and deductions f,attachment-of-earnings-orders-for-criminal-fines-national-pilot-april-2004,FALSE,FALSE
attachment-of-earnings-orders-for-criminal-fines-national-pilot-april-2004-eng.txt,FALSE,implementation as specified in the 1971 attachment of earnings act (see point 8 below,attachment-of-earnings-orders-for-criminal-fines-national-pilot-april-2004,FALSE,NA
b1-eng_doc.txt,TRUE,"nal sheets of paper if you need to, and attach them to this form. in this box, give al",b1,NA,TRUE
c1-bil.txt,TRUE,d whose name you have put in paragraph 2attach a copy of the relevant order and give:,c1,TRUE,TRUE
c1-eng.txt,TRUE,whose name you have put in paragraph 2 attach a copy of the relevant order and give:,c1,TRUE,TRUE
c100-bil.txt,TRUE,"ass.gov.uk/parentingplan if yes, please attach the plan to this application form 3c. a",c100,NA,TRUE
c100-bil.txt,TRUE,noplease tick if additional sheets are attached. please attach a copy of any relevant,c100,TRUE,NA
c100-bil.txt,TRUE,an agreement (consent order) and if so attach the draft order to this form. tick whet,c100,TRUE,NA
c100-bil.txt,TRUE,he box on page 3 to make this clear and attach the draft order with this c100 form. gw,c100,TRUE,NA
c100-eng.txt,FALSE,ed. if there is not enough space please attach separate sheets clearly showing the det,c100,FALSE,FALSE
c100-eng.txt,TRUE,"ass.gov.uk/parentingplan if yes, please attach the plan to this application form 64. u",c100,NA,NA
c100-eng.txt,TRUE,n) please tick if additional sheets are attached. please attach a copy of any relevant,c100,TRUE,NA
c100-eng.txt,TRUE,he box on page 1 to make this clear and attach the draft order with this c100 form. re,c100,TRUE,NA
c110-bil.txt,FALSE,al work chronology (a succinct summary) attached to follow if to follow please give re,c110,NA,TRUE
c110-bil.txt,TRUE,mpleted this form ensure that you have: attached copies of any relevant documents. sig,c110,TRUE,NA
c110-eng.txt,FALSE,e page 16annex1. social work chronology attached to follow (a succinct summary) if to,c110,NA,TRUE
c110a-eng.txt,FALSE,nex documents 1. social work chronology attached to follow (a succinct summary) if to,c110a,NA,TRUE
c110a-eng.txt,TRUE,and on which the local authority relies attached to follow if to follow please give re,c110a,NA,NA
c110a-eng.txt,TRUE,mpleted this form ensure that you have: attached copies of any annex documents. signed,c110a,TRUE,NA
c1a-bil.txt,TRUE,e any copies of the above orders please attached them to this form.adran 2 - manylion,c1a,NA,TRUE
c1a-bil.txt,TRUE,(condential contact details) note: only attach this form if you want to withhold your,c1a,NA,NA
c1a-eng.txt,TRUE,e any copies of the above orders please attached them to this form do you have a solic,c1a,NA,TRUE
c2-eng.txt,FALSE,ed. if there is not enough space please attach separate sheets. cafcass/cafcass cymru,c2,FALSE,FALSE
c2-eng.txt,TRUE,to issue an application check you have attached copies of the form c100 application a,c2,TRUE,NA
c23-eng.txt,TRUE,[a named person]][a power of arrest be attached to the exclusion requirement for a pe,c23,NA,TRUE
c5-bil.txt,TRUE,"ts, state the date(s) and author(s) and attach a copy.3. sail y caisy sail yw bod plen",c5,TRUE,TRUE
c5-bil.txt,TRUE,t provide a copy of the application and attached documents for each of the respondents,c5,NA,NA
c5-eng.txt,TRUE,"ts, state the date(s) and author(s) and attach a copy. postcode3please list any docume",c5,TRUE,TRUE
c51-bil.txt,TRUE,"have been completed/commenced (please, attach a copy of the nal order )hyd y gwyddoch",c51,TRUE,TRUE
c51-bil.txt,TRUE,"eclaration we declare that certicate is attached, or certicate is attached, or relatio",c51,NA,NA
c51-eng.txt,TRUE,"have been completed/commenced (please, attach a copy of the nal order )relationship t",c51,TRUE,TRUE
c63-bil.txt,TRUE,"hood is in question. yes if yes, please attach a copy of any relevant order and give a",c63,TRUE,TRUE
c63-bil.txt,TRUE,s nac oes16what to do nowcheck you have attached copies of any relevant orders (as per,c63,TRUE,NA
c63-eng.txt,TRUE,he page 11what to do now check you have attached copies of any relevant orders (as per,c63,TRUE,TRUE
c64-bil.txt,TRUE,gofynion11what to do nowcheck you have attached a certied copy of your birth certicat,c64,NA,TRUE
c64-eng.txt,TRUE,the page 8what to do now check you have attached a certied copy of your birth certicat,c64,NA,TRUE
c65-bil.txt,TRUE,provide a copy of this application and attached documents for each of the respondents,c65,NA,TRUE
c66-bil.txt,TRUE,"ddalenni ychwanegol.yes if yes, please attach a copy of any relevant orderdetails bel",c66,TRUE,TRUE
c66-eng.txt,TRUE,noplease tick if additional sheets are attached.9 if there are more than 2 respondent,c66,FALSE,FALSE
c66-eng.txt,TRUE,h you about the requirements 12you must attach one of the following documents to this,c66,TRUE,NA
c67-eng.txt,TRUE,noplease tick if additional sheets are attached.9respondents rst name middle name(s),c67,FALSE,FALSE
c67-eng.txt,TRUE,"tice, strand, london wc2a 2ll. you must attach one of the following documents to this",c67,TRUE,NA
c78-bil.txt,FALSE,d arrangements orderc78 application for attachment of a warning notice to a child arra,c78,NA,TRUE
c78-bil.txt,TRUE,ts.please tick if additional sheets are attached.enwr llys lle maer achosion yn cael e,c78,FALSE,NA
c78-eng.txt,TRUE,d arrangements orderdd /mm /yyyy please attach a copy of the order where available.1.,c78,TRUE,TRUE
c78-eng.txt,FALSE,ts.please tick if additional sheets are attached.name of child(ren) involved in other,c78,FALSE,NA
c79-bil.txt,TRUE,rbynebau neu dystiolaeth arall 14please attach a copy of the enforcement order if 7c.,c79,TRUE,TRUE
c79-eng.txt,TRUE,the applicationname of child(ren)please attach a copy of the order where available.to,c79,TRUE,TRUE
c79-eng.txt,TRUE,plain why you are making this claim and attach any receipts or other evidence see cb5,c79,NA,NA
c79-eng.txt,TRUE,"or time period should be amended.please attach a copy of the enforcement order, if ava",c79,TRUE,NA
c79-eng.txt,FALSE,"ts.please tick if additional sheets are attached.name of child(ren)if yes, please prov",c79,FALSE,NA
c79-eng.txt,TRUE,ave completed all parts of the form and attached all the relevant documents: a copy of,c79,NA,NA
capsbacs1-eng.txt,FALSE,ps helpdesk on 0300 123 1057 payment of attachment of earnings orders by bacs thank yo,capsbacs1,FALSE,FALSE
capsbacs3-eng.txt,FALSE,"urrently in force (if necessary, please attach a separate sheet) note: this form is fo",capsbacs3,FALSE,FALSE
cb4-eng.txt,TRUE,ese details on form c8 which you should attach to your application. the court staff wi,cb4,TRUE,TRUE
cb5-eng.txt,FALSE,o an existing child arrangements order. attaching a warning notice to a child arrangem,cb5,NA,TRUE
certificate-of-loss-eng.txt,TRUE,"ess, or local benefit office, stamp; or attach it to an original compliment slip or sh",certificate-of-loss,NA,TRUE
ch1-eng_doc.txt,TRUE,"of issues, preferably agreed, should be attached to the draft directions so as to assi",ch1,NA,TRUE
ch1-eng_doc.txt,TRUE,"to expert evidence, the parties should attach a list of issues, preferably agreed. tr",ch1,NA,NA
ch1-eng_doc.txt,FALSE,form of summary of precedent h. this is attached for information only at this stage. i,ch1,NA,NA
ch14-eng_doc.txt,FALSE,ch have been allowed are set out in the attached schedule and with the interest on the,ch14,NA,TRUE
ch14-eng_doc.txt,FALSE,iven by the testator are set out in the attached schedule and with the interest on the,ch14,NA,NA
ch15-eng_doc.txt,FALSE,r sale () the property described in the attached first schedule (“the property”) be so,ch15,NA,TRUE
ch19-eng_doc.txt,FALSE,p consist of the items specified in the attached schedule the schedule (1) the leaseho,ch19,NA,TRUE
ch2-eng_doc.txt,FALSE,e court file [initialled by the master][attached to the application notice dated (date,ch2,NA,TRUE
ch26-eng_doc.txt,FALSE,having agreed the terms set out in the attached schedule the court pronounces for/aga,ch26,NA,TRUE
ch27-eng_doc.txt,FALSE,"testamentary documents specified in the attached schedule to masters’ appointments, gr",ch27,NA,TRUE
ch30-eng_doc.txt,FALSE,he deceased on [date] is set out in the attached schedule () the costs of the applicat,ch30,NA,TRUE
ch31-eng_doc.txt,FALSE,ving agreed to the terms set out in the attached schedule it is by consent ordered tha,ch31,NA,TRUE
ch32-eng_doc.txt,FALSE,the terms of compromise set out in the attached schedule and consented to this order,ch32,NA,TRUE
ch35-eng_doc.txt,FALSE,act 1975 the property specified in the attached schedule (being part of the net estat,ch35,NA,TRUE
ch37-eng_doc.txt,TRUE,erved by the claimant on the defendants attach lodgment schedule service of the order,ch37,NA,TRUE
ch7-eng_doc.txt,FALSE,court of justice in accordance with the attached claim form 2) you are or may be one o,ch7,NA,TRUE
ch8-eng_doc.txt,FALSE,e of judgment/order) a copy of which is attached to this notice 2) from the time of th,ch8,NA,TRUE
child-support-how-to-appeal-(england)-eng.txt,FALSE,re that there are some responsibilities attached to being a representative. the hearin,child-support-how-to-appeal-(england),NA,TRUE
child-support-how-to-appeal-(england)-eng.txt,FALSE,usion. the importance that the tribunal attaches to evidence may be affected if the wi,child-support-how-to-appeal-(england),NA,NA
cic-guide-1996-eng.txt,FALSE,e classified in one of the tariff bands attached to the scheme. minor injuriessuch as,cic-guide-1996,NA,FALSE
cic-guide-2001-eng.txt,FALSE,o be included in oneof the tariff bands attached to the scheme. any criminal injury wi,cic-guide-2001,NA,FALSE
comp-8-eng_doc.txt,TRUE,ted in the witness statement in support attached to this application. (* delete this p,comp-8,NA,TRUE
control-order-eng_doc.txt,FALSE,of your claim in the box below. you may attach additional sheets of paper if required.,control-order,FALSE,FALSE
control-order-eng_doc.txt,FALSE,nder the human rights act 1998. you may attach additional sheets of paper if required.,control-order,FALSE,NA
cop-dla-eng.txt,FALSE,ailed statement of grounds set out belowattachedare you making an interim application?,cop-dla,NA,FALSE
cop-dla-eng.txt,TRUE,re than one previous application please attach the information about other previous ap,cop-dla,NA,NA
cop-dol10-eng.txt,TRUE,fy the nature of the order you seek and attach a draft. duration of the order sought i,cop-dol10,TRUE,TRUE
cop-dol10-eng.txt,TRUE,ch is identied within the application.i attach form cop3 or other evidence of capacity,cop-dol10,NA,NA
cop-dol10-eng.txt,TRUE,"ion 10aa and provide details, including attaching statements.181. people who have been",cop-dol10,NA,NA
cop-dol10-eng.txt,FALSE,the body of the application form or in attached documents.failure to provide the info,cop-dol10,NA,NA
cop-gn2-eng.txt,TRUE,"ed (in the form of a witness statement, attaching documents as exhibits where necessar",cop-gn2,NA,TRUE
cop-gn3-eng.txt,TRUE,"ders made by the court, which should be attached to your statement. to download the fo",cop-gn3,NA,TRUE
cop1-eng.txt,TRUE,ght and reasons for the urgency you can attach draft interim order/ directions 1.2do y,cop1,NA,TRUE
cop10-eng.txt,TRUE,ith this application notice. if you are attaching any written evidence please use the,cop10,TRUE,TRUE
cop1c-eng.txt,TRUE,annex must be submitted with cop11.2 i attacha copy of the order appointing a deputy,cop1c,NA,TRUE
cop1d-eng.txt,TRUE,r. mrs.missms.other(b)applicant 2 1.2 i attacha copy of the order appointing you deput,cop1d,NA,TRUE
cop1e-eng.txt,TRUE,.missms.other (b) applicant 21.2 please attach if applicablea copy of the order appoin,cop1e,NA,TRUE
cop1e-eng.txt,FALSE,relevant exhibits if necessary evidence attached2.2 if joint deputy for property and a,cop1e,NA,NA
cop1f-eng.txt,FALSE,relevant exhibits if necessary evidence attached3the statement of truth is to be signe,cop1f,NA,TRUE
cop20a-eng.txt,FALSE,"re true. note:no other forms need to be attached with this form. however, it may assis",cop20a,NA,FALSE
cop22-eng.txt,TRUE,r my belief are as follows: document(s) attachedif your belief is based upon medical o,cop22,NA,TRUE
cop24-eng.txt,TRUE,court then it should be included in or attached to this form. if the court requires t,cop24,NA,TRUE
cop25-eng.txt,TRUE,afdavit then it must be included in or attached to this form. only the following may,cop25,NA,TRUE
cop35-eng.txt,TRUE,with this appellants notice. if you are attaching any written evidence please use the,cop35,TRUE,TRUE
cop5-eng.txt,TRUE,ment to provide your evidence. evidence attached4section 4 attending court hearings4.1,cop5,NA,TRUE
cop7-bil.txt,TRUE,ans the lpa made by the donor. evidence attached ^ wneud aa). ^ ^er. rhoddwr. * maer o,cop7,NA,TRUE
cop7-eng.txt,TRUE,with this application form. if you are attaching any written evidence please use the,cop7,TRUE,TRUE
criminal-injuries-compensation-scheme-1996-eng.txt,FALSE,"ation act 1995 (c.53), hereby makes the attachedcriminal injuries compensation scheme,",criminal-injuries-compensation-scheme-1996,NA,TRUE
criminal-injuries-compensation-scheme-2001-eng.txt,FALSE,"sation act 1995 (c.53),hereby makes the attached criminal injuries compensation scheme",criminal-injuries-compensation-scheme-2001,NA,TRUE
cs-a1-eng.txt,TRUE,dvice (details at the end of the form). attach any evidence/additional sheets if neces,cs-a1,TRUE,TRUE
cs-a3-eng.txt,TRUE,nd require you to act quickly. have you attached a copy of the decision under appeal?,cs-a3,NA,TRUE
cs-a4-eng.txt,TRUE,", please state which language. have you attached a copy of the decision under appeal?",cs-a4,NA,TRUE
cs-a90-eng.txt,TRUE,ca listpova listyes noyes no5. have you attached a copy of the decision under appeal?,cs-a90,NA,TRUE
cs-a91-eng.txt,TRUE,"er, give details in section f) have you attached a copy of the decision under appeal?",cs-a91,NA,TRUE
d11-bil.txt,TRUE,yn dda. awr munud hours minutes please attach a draft copy of the order you are apply,d11,TRUE,TRUE
d11-bil.txt,TRUE,any order you are applying for must be attached to your application. the draft should,d11,TRUE,NA
d186-eng.txt,TRUE,ese things. the form d10/d510 should be attached to the statement and marked as an exh,d186,NA,TRUE
d190-eng.txt,FALSE,ump-sum payment or a pension-sharing or attachment order. this leaet is for you if you,d190,FALSE,FALSE
d252-bil.txt,TRUE,"ument eg. order, judgment ) dated (copy attached) i have prepared my bill of costs for",d252,NA,TRUE
d254-eng.txt,FALSE,ault costs certicate i certify that the attached notice of commencement was served on,d254,NA,TRUE
d508-cym.txt,FALSE,"ompleting this form, read carefully the attached notes for guidance.in the county cour",d508-cym,NA,TRUE
d50b-bil.txt,FALSE,he facts stated in this application and attached statement are true *i am duly authori,d50b,NA,TRUE
d50c-bil.txt,TRUE,eu manylion yma.) dd/mm/bbbb you should attach this form to a completed form a1 when i,d50c,TRUE,TRUE
d50c-eng.txt,TRUE,ropriate boxes) dd /mm /yyyy you should attach this form to a completed form a1 when i,d50c,TRUE,TRUE
d50d-bil.txt,TRUE,which they propose to rely. you should attach this form to a completed form a1 when i,d50d,TRUE,TRUE
d50e-bil.txt,TRUE,his application and evidence of this is attached. the respondent has not consented to,d50e,NA,TRUE
d50j-bil.txt,TRUE,vidence attached) no (other evidence is attached supporting the persons intention of a,d50j,NA,TRUE
d50k-bil.txt,TRUE,llawn enw ffyrm cyfreithiwr y ceisydd i attach further evidence of the calculation ato,d50k,NA,TRUE
d50k-eng.txt,FALSE,"ethods, as it considers appropriate: an attachment of earnings order a third party deb",d50k,FALSE,FALSE
d70-bil.txt,FALSE,mine the status of a couple you have an attached documents on the attorney general at,d70,NA,TRUE
d70-bil.txt,FALSE,gun dd/mm/copies of the application and attached documents were served on the attorney,d70,NA,NA
d70-eng.txt,FALSE,serve copies of the application and the attached documents on the attorney general at,d70,NA,TRUE
d70-eng.txt,FALSE,dd/mm/yyyycopies of the application and attached documents were served on the attorney,d70,NA,NA
d8-bil.txt,TRUE,"arriage, since you got married you must attach a copy of your change of name deed or o",d8,TRUE,TRUE
d8-bil.txt,TRUE,on y briodas/bartneriaeth silyou should attach your marriage or civil partnership cert,d8,TRUE,NA
d8-bil.txt,FALSE,er pension sharing/compensation sharing/attachment order os ydych yn anghytuno gydach,d8,FALSE,NA
d8-eng.txt,TRUE,ents to this address. page 6 you should attach your marriage or civil partnership cert,d8,TRUE,TRUE
d8-eng.txt,FALSE,pension sharing/ compensation sharing/ attachment order these decisions are called 'n,d8,FALSE,NA
d8-nodiadau-d8-notes-bil.txt,TRUE,with the seal of the court). if you are attaching an order made by a family proceeding,d8-nodiadau-d8-notes,TRUE,TRUE
d80a-bil.txt,TRUE,"rely as evidence of adultery, you must attach a copy of this statement and tick the r",d80a,TRUE,TRUE
d80a-eng.txt,TRUE,"ment of service, a copy of which i have attached to this statement and marked a, as th",d80a,NA,TRUE
d80b-bil.txt,TRUE,"he acknowledgement of service, you must attach a copy to this statement and tick the r",d80b,TRUE,TRUE
d80c-bil.txt,TRUE,the acknowledgement of service you must attach a copy to this statement and tick the r,d80c,TRUE,TRUE
d80d-bil.txt,TRUE,"ce of the respondents consent, you must attach a copy to this statement and tick the r",d80d,TRUE,TRUE
d80g-bil.txt,TRUE,eedings and any orders made; you should attach copies of any orders made. (b) achosion,d80g,TRUE,TRUE
d80g-eng.txt,TRUE,eedings and any orders made; you should attach copies of any orders made. continued ov,d80g,TRUE,TRUE
d81-bil.txt,TRUE,) date of birth 6. please state how the attached proposed consent order was reached e.,d81,NA,TRUE
d81-bil.txt,FALSE,n order include provision for a pension attachment order and/or a ppf pension compensa,d81,FALSE,NA
d81-bil.txt,FALSE,"and if appropriate, any pension sharing/attachment annex or compensation sharing/annex",d81,NA,NA
d81-eng.txt,FALSE,ion arrangement/ppf board for a pension attachment order and/or a ppf pension compensa,d81,FALSE,FALSE
d8a-bil.txt,FALSE,"ecessary, continue on another sheet and attach it to this form. living arrangements 2.",d8a,NA,FALSE
d8a-bil.txt,TRUE,lease give details in the box below and attach a copy of any order(s) which you have.,d8a,TRUE,NA
d8d-eng.txt,TRUE,"ship has broken down irretrievably, and attach a separate petition for divorce/dissolu",d8d,NA,TRUE
d8d-nodiadau-d8d-notes-bil.txt,TRUE,ssing to make an application.if you are attaching any order of the high court or a cou,d8d-nodiadau-d8d-notes,TRUE,TRUE
d8d-notes-eng.txt,TRUE,"sing to make an application. if you are attaching any order of the high court, county",d8d-notes,TRUE,TRUE
d8n-eng.txt,FALSE,artnership act of 2004 (pension sharing/attachment order) or section 25f or section 21,d8n,FALSE,FALSE
d8n-nodiadau-d8n-notes-bil.txt,TRUE,petition to your the court). if you are attaching an order made by a has been stamped,d8n-nodiadau-d8n-notes,TRUE,TRUE
d8n-notes-eng.txt,TRUE,the court fee and any documents you are attaching in support of your application. you,d8n-notes,NA,TRUE
epl4-eng.txt,TRUE,e loss claim item being pursuedevidence attached comments value claimed is gross amoun,epl4,NA,TRUE
epl5-eng.txt,TRUE,e loss claim item being pursuedevidence attached comments value claimedinterest gross,epl5,NA,TRUE
epl6-and-epl7-eng.txt,TRUE,imant losses item being pursuedevidence attached % interest rate claimant defendant re,epl6-and-epl7,NA,TRUE
ex244-eng_doc.txt,TRUE,"apply for an order, a draft of which is attached, for (3) (please note that all applic",ex244,NA,TRUE
ex321-eng.txt,FALSE,the court for: a warrant of control; an attachment of earnings order; a third-party de,ex321,FALSE,FALSE
ex321-eng.txt,FALSE,at hmctsformnder.justice.gov.uk page 4 attachment of earnings order an attachment of,ex321,FALSE,NA
ex321-eng.txt,FALSE,(warrant of control); wages or salary (attachment of earnings order); savings (third-,ex321,FALSE,NA
ex322-eng.txt,FALSE,ses if there is no living accommodation attached and they believe the debtors goods ar,ex322,NA,TRUE
ex323-eng.txt,FALSE,uk this will help you decide whether an attachment of earnings order is the best actio,ex323,FALSE,FALSE
ex323-eng.txt,FALSE,ntee that you will get your money back. attachment of earnings how do i ask for an att,ex323,FALSE,NA
ex323-eng.txt,FALSE,the defendants home area to search the attachment of earnings index. this index is a,ex323,FALSE,NA
ex323-eng.txt,FALSE,quest for and result of a search in the attachment of earnings index) which you can on,ex323,FALSE,NA
ex323-eng.txt,FALSE,you will need form n337 (request for an attachment of earnings order). you can get thi,ex323,FALSE,NA
ex323-eng.txt,FALSE,"dge thinks the defendant knew about the attachment of earnings application, the judge",ex323,FALSE,NA
ex323-eng.txt,FALSE,"wage, it may not be possible to make an attachment of earnings order. the order will b",ex323,FALSE,NA
ex323-eng.txt,FALSE,ostmark shown on the envelope which the attachment of earnings order came in. the cour,ex323,FALSE,NA
ex323-eng.txt,FALSE,r reissue) to ask the court to send the attachment of earnings order to the new employ,ex323,FALSE,NA
ex323-eng.txt,FALSE,nsolidated order. anyone involved in an attachment of earnings order (including the de,ex323,FALSE,NA
ex323-eng.txt,FALSE,and procedures. page 7 n337 request for attachment of earnings order (06.09) crown cop,ex323,FALSE,NA
ex324-eng.txt,TRUE,vit. a copy of the order served must be attached (exhibited) to the afdavit. if the en,ex324,TRUE,TRUE
ex325-eng.txt,TRUE,u should obtain a copy of the entry and attach it to your application. information abo,ex325,NA,TRUE
ex326-eng.txt,FALSE,n ways are: a warrant of control; or an attachment of earnings order. what is a warran,ex326,FALSE,FALSE
ex326-eng.txt,FALSE,es of the courts. you cannot include an attachment order made to collect maintenance f,ex326,FALSE,NA
ex326-eng.txt,FALSE,ke and sell some of the things you own. attachment of earnings - arranging for your em,ex326,FALSE,NA
ex327-bil.txt,FALSE,ex327_0711.indd 526/07/2011 08:57:386an attachment of earnings order only apply for th,ex327,FALSE,FALSE
ex327-bil.txt,TRUE,rt from where the maintenance order and attach it to your statement. hearing the judge,ex327,NA,NA
ex327-cym.txt,FALSE,gorfodi a ddisgrir yn y daen hon yw:an attachment of earnings order; gorchymyn atafae,ex327-cym,FALSE,FALSE
ex327-eng.txt,FALSE,easures described in this leaet are: an attachment of earnings order; a warrant of con,ex327,FALSE,FALSE
ex327-eng.txt,TRUE,ails about the debtors income or assets attach a supporting statement to your applicat,ex327,NA,NA
ex328-eng.txt,FALSE,rrant of control or writ of control. an attachment of earning order. a third party deb,ex328,NA,TRUE
ex329-eng.txt,FALSE,rrant of control or writ of control. an attachment of earning order. ex329 - i have an,ex329,NA,TRUE
ex332-eng.txt,FALSE,you all but one copy of the forms n130. attached to each will be a form n133 (witness,ex332,NA,TRUE
ex375-eng.txt,FALSE,ll in the eeo certicate that you can nd attached to the eeo regulation on our website,ex375,NA,TRUE
ex50-eng.txt,FALSE,"for money, there is no additional fee. attachment of earnings fees order 8.7 applicat",ex50,FALSE,FALSE
ex50a-eng_doc.txt,FALSE,of delivery £121 8.7 application for an attachment of earnings order £110 8.8 consolid,ex50a,FALSE,FALSE
ex660-notes-eng.txt,FALSE,judge or court making the request. 14) attached is a sample court order and completed,ex660-notes,NA,TRUE
ex660-notes-eng.txt,TRUE,"etails relating to immigration: (please attach any documents, such as case summaries,",ex660-notes,NA,NA
ex660-notes-eng.txt,TRUE,"together with the sealed order and any attached documents, without delay to: home off",ex660-notes,NA,NA
exn161-eng_doc.txt,TRUE,ote that any report relied upon must be attached to this application form) include or,exn161,TRUE,TRUE
exn162-eng_doc.txt,TRUE,ote that any report relied upon must be attached to this application form); identify e,exn162,TRUE,TRUE
fe15-bil.txt,FALSE,ol y credydwr) dyddiad fe15 request for attachment of earnings order (04.17) crown cop,fe15,FALSE,FALSE
fe15-eng.txt,FALSE,ight 2017 fe15 family court request for attachment of earnings order to be completed a,fe15,FALSE,FALSE
fe16-bil.txt,FALSE,ebtor to the manager please search your attachment of earnings order index and notify,fe16,FALSE,FALSE
fe17-bil.txt,FALSE,17 family court form for replying to an attachment of earnings application read the no,fe17,FALSE,FALSE
fe17-bil.txt,FALSE,t and savings fe17 statement of means - attachment of earnings (04.17) crown copyright,fe17,FALSE,NA
fe6-eng.txt,TRUE,ster entry(ies) for the title(s) is/are attached. orthe land is not registered and alt,fe6,NA,TRUE
fe6-eng.txt,TRUE,ke sure that the required documents are attached. your application will be returned to,fe6,NA,NA
fee-account-t_cs-eng.txt,TRUE,"ot have any other form of valid payment attached, will be returned unprocessed. hm cou",fee-account-t_cs,NA,TRUE
ffurflen-6_doc.txt,FALSE,"ies set out in the statement of affairs attached to this petition are (f)(£100,000 or",ffurflen-6,NA,TRUE
ffurflen-a-form-a-bil.txt,FALSE,order a pension sharing order a pension attachment order a pension compensation sharin,ffurflen-a-form-a,FALSE,FALSE
ffurflen-a-form-a-bil.txt,TRUE,he box on page 2 to make this clear and attach the draft order with this application r,ffurflen-a-form-a,TRUE,NA
ffurflen-e-bil.txt,TRUE,"e made, a false statement in a you must attach documents to the form where other docum",ffurflen-e,TRUE,TRUE
ffurflen-e-bil.txt,TRUE,"f this application is to vary an order, attach a copy of the order and give details of",ffurflen-e,TRUE,NA
ffurflen-e-bil.txt,TRUE,mains unsold.documentation required for attachment to this section:a) a copy of any va,ffurflen-e,NA,NA
ffurflen-e-bil.txt,TRUE,interest in.documentation required for attachment to this section:a) copies of the bu,ffurflen-e,NA,NA
ffurflen-e-bil.txt,TRUE,h employment.documentation required for attachment to this section: have received this,ffurflen-e,NA,NA
ffurflen-e-bil.txt,TRUE,x and national insuranceif the payslips attached for the last three months h.y. incwm,ffurflen-e,NA,NA
ffurflen-e-bil.txt,FALSE,g a i) pension sharing orderii) pension attachment orderiii) pension compensation shar,ffurflen-e,FALSE,NA
ffurflen-e-bil.txt,TRUE,owing list shows the documents you must attach to your form e if applicable. you may a,ffurflen-e,TRUE,NA
ffurflen-e1-form-e1-bil.txt,TRUE,2006. by a statement of truth. you must attach documents to the form where they docume,ffurflen-e1-form-e1,TRUE,TRUE
ffurflen-e1-form-e1-bil.txt,TRUE,(ewch i 3.) documentation required for attachment to this section: the last 5th april,ffurflen-e1-form-e1,NA,NA
ffurflen-e1-form-e1-bil.txt,TRUE,and national insurance if the payslips attached for the last three months are teitl y,ffurflen-e1-form-e1,NA,NA
ffurflen-e1-form-e1-bil.txt,TRUE,ach property documentation required for attachment to this section: sum outstanding on,ffurflen-e1-form-e1,NA,NA
ffurflen-e1-form-e1-bil.txt,TRUE,ding policy. documentation required for attachment to this section: gynnwys polisau gw,ffurflen-e1-form-e1,NA,NA
ffurflen-e1-form-e1-bil.txt,TRUE,ragraph dogfen document ticiwch ynghlwm attached amherthnasol not applicable i ddilyn,ffurflen-e1-form-e1,NA,NA
ffurflen-e1-form-e1-bil.txt,TRUE,owing list shows the documents you must attach to your form e1 if applicable. you may,ffurflen-e1-form-e1,TRUE,NA
ffurflen-e2-form-e2-bil.txt,TRUE,enw'r atebydd 2postcodedd//yyyyyou must attach the documents listed in the schedule to,ffurflen-e2-form-e2,TRUE,TRUE
ffurflen-p1-form-p1-bil.txt,TRUE,new pension scheme itself.) (v) please attach a copy of the letter from the qualifyin,ffurflen-p1-form-p1,TRUE,TRUE
fl401a-bil.txt,TRUE,", the court and the case number. please attach a copy of the order if available. ar un",fl401a,TRUE,TRUE
fl401a-eng.txt,TRUE,", the court and the case number. please attach a copy of the order if available. 8 oth",fl401a,TRUE,TRUE
fl403-bil.txt,TRUE,er(s) for which you are applying please attach a copy of the order if possible.signed,fl403,TRUE,TRUE
fl403-eng.txt,TRUE,er(s) for which you are applying please attach a copy of the order if possible. i am a,fl403,TRUE,TRUE
fl700-eng.txt,TRUE,any other order with a power of arrest attached you must without delay ensure the ord,fl700,NA,TRUE
fl700-eng.txt,TRUE,tion orders where no power of arrest is attached ask a member of court staff if you ar,fl700,NA,NA
fl701-eng.txt,FALSE,order without the need for the court to attach a power of arrest or for the victim to,fl701,NA,TRUE
form-56a-eng.txt,FALSE,s as soon as possible by completing the attached form and sending it to the civil appe,form-56a,NA,TRUE
form-a-eng.txt,TRUE,he box on page 1 to make this clear and attach the draft order with this application.,form-a,TRUE,TRUE
form-a1-eng.txt,TRUE,he box on page 1 to make this clear and attach the draft order with this application r,form-a1,TRUE,TRUE
form-e-notes-eng.txt,TRUE,ll you which documents you will need to attach to the form. these notes are only a gui,form-e-notes,NA,TRUE
form-e1-eng.txt,FALSE,ion for fraud under the fraud act 2006. attached sheet of paper. name and address of s,form-e1,NA,TRUE
form-e1-eng.txt,TRUE,n on your p60 insurance if the payslips attached for the last three this employment no,form-e1,NA,NA
form-e2-eng.txt,TRUE,raud act 2006. proceedings for you must attach the documents listed in the schedule to,form-e2,TRUE,TRUE
form-p-eng.txt,FALSE,when a pension sharing order or pension attachment order may be made form p pension in,form-p,FALSE,FALSE
form-p-eng.txt,TRUE,details of the cev quotation should be attached and the date on which it was calculat,form-p,NA,NA
form-p10-eng_doc.txt,FALSE,iled statement of grounds set out below attached section 5 what outcome are you seekin,form-p10,NA,TRUE
form-p10-eng_doc.txt,TRUE,ng later. statement of grounds included attached statement of facts relied on included,form-p10,NA,NA
form-p10-guidance-notes-eng.txt,FALSE,"of the form, or in a separate document attached to this form. it should contain a num",form-p10-guidance-notes,NA,TRUE
form-p2-eng.txt,FALSE,l partnership act 2004] form p2 pension attachment annex under [section 25b or 25c of,form-p2,NA,FALSE
form-p9-eng_doc.txt,FALSE,decision (rule 45) please refer to the attached guidance before completing this form.,form-p9,NA,FALSE
form-p9-guidance-notes-eng.txt,FALSE,"in section 4, or in a separate document attached to the form which should refer to sec",form-p9-guidance-notes,NA,TRUE
form-p9-guidance-notes-eng.txt,FALSE,"of the form, or in a separate document attached to this form which should refer to se",form-p9-guidance-notes,NA,NA
form-pe3-(vehicle-emissions)-guidance-eng_doc.txt,TRUE,"ny supporting evidence that you wish to attach to your out of time forms, then this mu",form-pe3-(vehicle-emissions)-guidance,NA,TRUE
form-pe3-guidance-eng_doc.txt,TRUE,tion you wish to be considered. you may attach any relevant evidence. once the form ha,form-pe3-guidance,NA,TRUE
form-ppf-eng.txt,FALSE,n sharing order or pension compensation attachment order may be made form ppf pension,form-ppf,FALSE,FALSE
form-ppf-eng.txt,FALSE,icy please and implementing sharing and attachment orders 3c. to be completed by the p,form-ppf,FALSE,NA
form-ppf-eng.txt,FALSE,"fund (pension compensation sharing and attachment on divorce etc) regulations 2011, s",form-ppf,FALSE,NA
form-ppf-eng.txt,FALSE,fund (pension compensation sharing and attachment on divorce etc) regulations 2011 s.,form-ppf,FALSE,NA
form-ppf1-eng.txt,FALSE,fund (pension compensation sharing and attachment on divorce etc) regulations 2011; (,form-ppf1,FALSE,FALSE
form-ppf2-eng.txt,FALSE,achment annex to a pension compensation attachment order [section 25f of the matrimoni,form-ppf2,FALSE,FALSE
form-rp-pta-eng_doc.txt,FALSE,the tribunal decision is wrong. you may attach an additional sheet if necessary. pleas,form-rp-pta,FALSE,FALSE
form-ta-eng_doc.txt,TRUE,"recognition, state reasons given and/or attach relevant documents if the landlord has",form-ta,NA,TRUE
fp161-eng.txt,TRUE,s of any further additional parties are attached yes norespondent 1 respondent 2 respo,fp161,NA,TRUE
fp161-eng.txt,FALSE,"umbered paragraphs, on a separate sheet attached to this notice and entitled grounds o",fp161,FALSE,NA
fp161-eng.txt,FALSE,reasons and evidence as set out in the attached witness statemen t in the space below,fp161,NA,NA
fp161a-eng.txt,TRUE,write the case number clearly on it and attach it securely to the notice. if you do no,fp161a,NA,TRUE
fp161a-eng.txt,TRUE,ther email your completed form with the attachments to appeals.familydivision@hmcts.gs,fp161a,NA,NA
fp162-eng.txt,TRUE,s of any further additional parties are attached yes nohow many additional parties det,fp162,NA,TRUE
fp162-eng.txt,FALSE,grounds for the reasons set out: in the attached witness sta tement in the space belo,fp162,NA,NA
fp162-eng.txt,FALSE,ely on : evidence set out in part c the attached witness sta tement i wish to make an,fp162,NA,NA
fp162a-eng.txt,TRUE,"case number on it, sign and date it and attach it securely to the notice. if you do no",fp162a,NA,TRUE
fp2-bil.txt,TRUE,e court to makeimportant: you must also attach a draft of your application form for a,fp2,TRUE,TRUE
fp244a-eng.txt,TRUE,"witness statement, tick the rst box and attach the statement to the application notice",fp244a,NA,TRUE
fp5-bil.txt,FALSE,ou should read the notes for respondent attached to the application form which will te,fp5,NA,FALSE
ftc3-notes-eng.txt,TRUE,ke sure it has your full name on it and attach it to the form. part e reasons for refe,ftc3-notes,NA,TRUE
gambling-guidance-on-fee-remission-for-companies-eng.txt,TRUE,hen you have completed the form. please attach the application form and supporting evi,gambling-guidance-on-fee-remission-for-companies,NA,TRUE
getting-the-best-out-of-the-court-system-eng.txt,TRUE,aces where they are clearly visible and attaching to each stake copies of the claim fo,getting-the-best-out-of-the-court-system,NA,TRUE
getting-the-best-out-of-the-court-system-eng.txt,FALSE,"details of the suspension and any terms attached to it. if the application fails, the",getting-the-best-out-of-the-court-system,NA,NA
getting-the-best-out-of-the-court-system-eng.txt,FALSE,"of the housing act 1996, the court may attach a power of arrest to one or more of the",getting-the-best-out-of-the-court-system,NA,NA
gmappeal-1-eng.txt,TRUE,"capacity / authority: signed: (3) 4. i attach two copies of the following documents,",gmappeal-1,TRUE,TRUE
gmappeal2-eng.txt,TRUE,capacity / authority: signed: (2) 6. i attach copies of the following documents in su,gmappeal2,TRUE,TRUE
ground-rules-hearing-form-(multiple-defendants)-eng_doc.txt,TRUE,and his/her signed defence statement is attached or i have advised the defendant of th,ground-rules-hearing-form-(multiple-defendants),NA,TRUE
ground-rules-hearing-form-(multiple-defendants)-eng_doc.txt,TRUE,wing matters will be put to the jury. i attach the direction i would ask the court to,ground-rules-hearing-form-(multiple-defendants),NA,NA
iaft-1-eng.txt,TRUE,your appeal is late in this box below. attach any evidence/additional sheets if neces,iaft-1,TRUE,TRUE
iaft-2-guide-eng.txt,TRUE,ssible. page 8 it is important that you attach any evidence that you wish the judge to,iaft-2-guide,TRUE,TRUE
iaft-5-eng.txt,TRUE,your appeal is late in this box below. attach any evidence /additional sheets if nece,iaft-5,TRUE,TRUE
iaft-6-guide-eng.txt,TRUE,n as possible. it is important that you attach any evidence that you wish the judge to,iaft-6-guide,TRUE,TRUE
jr1-eng.txt,FALSE,ounds and facts relied on set out below attached jr1(t&c) (11.14) 4 section 6 details,jr1,NA,TRUE
jr2-eng.txt,TRUE,e that a separate application notice is attached set out below attached jr2 (t&c) (11.,jr2,NA,TRUE
leasehold-1-eng_doc.txt,FALSE,rovide the following information on the attached sheet entitled “administration charge,leasehold-1,NA,TRUE
leasehold-10-eng_doc.txt,TRUE,ease ensure the following documents are attached with this application form and indica,leasehold-10,NA,TRUE
leasehold-2-eng_doc.txt,TRUE,lease omit those details from box 1 and attach them on a separate sheet. where details,leasehold-2,FALSE,FALSE
leasehold-4-eng_doc.txt,TRUE,box to confirm: a copy of the lease(s). attach a list of the names and address of pers,leasehold-4,NA,TRUE
loc002-eng.txt,FALSE,copy of the notice of presentation and attachments on the director of public prosecut,loc002,NA,TRUE
loc045-eng_doc.txt,FALSE,"ard copy, or by sending it as an e-mail attachment.] trial directions 23. the claimant",loc045,NA,FALSE
mcol-guide-eng.txt,TRUE,rom the defendant then a copy should be attached to the n225 / n225a before you send i,mcol-guide,NA,TRUE
mercantile-directions-eng_doc.txt,FALSE,es of documents set out in the schedule attached to this order shall be made by [claim,mercantile-directions,NA,TRUE
mercantile-directions-eng_doc.txt,TRUE,er parties and lodged with the court by attachment to e-mail at the following addresse,mercantile-directions,NA,NA
mercantile-template-1-eng_doc.txt,TRUE,er parties and lodged with the court by attachment to e-mail at the following address:,mercantile-template-1,NA,FALSE
mercantile-template-1-eng_doc.txt,FALSE,specific permission is given; c. e-mail attachments sent to the court should not excee,mercantile-template-1,NA,NA
mps-expenses-notice-of-appeal-eng.txt,FALSE,thority (ipsa) please read the guidance attached to this form before completing the no,mps-expenses-notice-of-appeal,NA,TRUE
n1-bil.txt,TRUE,l representative) particulars of claim (attached)(to follow) ydy/yes nac ydy/no bydd/,n1,NA,TRUE
n110a-eng.txt,FALSE,ay or any sunday. n110a power of arrest attached to injunction (06.15) crown cop yrigh,n110a,NA,TRUE
n119-bil.txt,TRUE,set out below)(details are shown on the attached rent statement) (b) oherwydd bod y di,n119,NA,FALSE
n119-eng.txt,TRUE,set out below)(details are shown on the attached rent statement) (b) because the defen,n119,NA,FALSE
n119a-eng.txt,TRUE,"ises let on a demoted tenancy, you must attach to the particulars of claim a copy of t",n119a,TRUE,TRUE
n11b-bil.txt,TRUE,"receive the notice (a copy of which is attached to the claim form and marked b) and,",n11b,NA,TRUE
n11b-bil.txt,TRUE,acts stated in this claim form (and any attached sheets) are true.* i am duly authoris,n11b,NA,NA
n11b-eng.txt,FALSE,acts stated in this claim form (and any attached sheets) are true. * i am duly authori,n11b,NA,FALSE
n130-eng.txt,FALSE,to the occupiers. in addition it may be attached to stakes in the ground in conspicuou,n130,NA,FALSE
n149-bil.txt,FALSE,ims track and you must now complete the attached questionnaire to procedure rules (cpr,n149,NA,TRUE
n15-eng.txt,FALSE,you should read the notes for defendant attached to the claim form which will tell you,n15,NA,FALSE
n150-bil.txt,TRUE,e directions wherever possible)have you attached a list of the directions you think ap,n150,NA,TRUE
n150-bil.txt,TRUE,pliance with cpr part 43.h fee have you attached the fee for filing this allocation qu,n150,NA,NA
n150-bil.txt,FALSE,"ective track, you must now complete the attached questionnaire.if you fail to return t",n150,NA,NA
n151-bil.txt,TRUE,ourt processi other informationhave you attached documents you wish the judge to take,n151,NA,TRUE
n151-bil.txt,TRUE,"s, nodwch hwy os gwelwch yn ddahave you attached a list of the directions you think ap",n151,NA,NA
n151-bil.txt,FALSE,"ective track, you must now complete the attached questionnaire. if you fail to return",n151,NA,NA
n16(1)-eng.txt,FALSE,ction is directed) a power of arrest is attached to terms [ ] of this injunction where,n16(1),NA,TRUE
n161-bil.txt,TRUE,ails of additional parties (if any) are attachedyes noadran 2manylion yr aplo ba lys y,n161,NA,TRUE
n161-bil.txt,FALSE,eal are set out on a separate sheet and attached to this notice.or justice(s) of the p,n161,FALSE,NA
n161-bil.txt,FALSE,e grounds of appeal on a separate sheet attached to each of the appellants notices one,n161,FALSE,NA
n161-eng.txt,TRUE,ails of additional parties (if any) are attached fee account no. (if applicable)help w,n161,NA,TRUE
n161-eng.txt,FALSE,eal are set out on a separate sheet and attached to this notice. or (in the case of ap,n161,FALSE,NA
n161-eng.txt,FALSE,e grounds of appeal on a separate sheet attached to each appellants notice; one additi,n161,FALSE,NA
n161a-bil.txt,TRUE,rticular section. case number on it and attach it securely to the notice.if you do not,n161a,NA,TRUE
n161a-eng.txt,TRUE,rite the claim or case number on it and attach it securely to the notice. 4if you do n,n161a,NA,TRUE
n161c-bil.txt,TRUE,our national insurance number on it and attach it securely to the notice.if you do not,n161c,NA,TRUE
n161c-bil.txt,TRUE,n 7: arguments in support arguments are attached to the notice or will be to follow. o,n161c,NA,NA
n161d-eng.txt,TRUE,ers to. write the case number on it and attach it securely to the notice.if you do not,n161d,NA,TRUE
n161d-eng.txt,TRUE,e grounds of appeal on a separate sheet attached to each of the appellants notices fil,n161d,FALSE,NA
n162-eng.txt,TRUE,t 2016 details of other respondents are attached yes nosection 5 permission to le an a,n162,NA,TRUE
n162-eng.txt,FALSE,my skeleton argument is:- set out below attached will be led and served within 14 day,n162,NA,NA
n162-eng.txt,TRUE,lies) for an order (a draft of which is attached) that:- part b i (the respondent) wis,n162,NA,NA
n164-bil.txt,TRUE,the court has received the document(s)i attach (please tick)a copy of the order being,n164,NA,TRUE
n170-bil.txt,TRUE,"anagement order has been made. you must attach estimates of costs incurred to date, an",n170,TRUE,TRUE
n170-bil.txt,TRUE,and fee checklist tick as appropriate i attach to this questionnaire- an application a,n170,NA,NA
n170-eng.txt,TRUE,"e trial takes place. if yes, you should attach an application and a draft order. inclu",n170,TRUE,TRUE
n170-eng.txt,TRUE,"management order has been made.you must attach estimates of costs incurred to date, an",n170,TRUE,NA
n170-eng.txt,TRUE,and fee checklist tick as appropriate i attach to this questionnaire - 3 of 3yes noyes,n170,NA,NA
n181-bil.txt,TRUE,ionnaire. please ensure they are firmly attached to it. asettlement notes the court ma,n181,NA,TRUE
n181-bil.txt,FALSE,ated in the proposed directions a track attached which would not be the normal track f,n181,NA,NA
n181-bil.txt,FALSE,ontained within the proposed directions attached and specify the draft order number. o,n181,NA,NA
n181-bil.txt,TRUE,e with cpr 3.13. i conrm precedent h is attached. hcosts how long do you estimate the,n181,NA,NA
n181-eng.txt,TRUE,ionnaire. please ensure they are firmly attached to it. yes noasettlement notes yes no,n181,NA,TRUE
n181-eng.txt,FALSE,ontained within the proposed directions attached and specify the draft order number. d,n181,NA,NA
n181-eng.txt,TRUE,e with cpr 3.13. i conrm precedent h is attached. hcosts notes 6please enter your name,n181,NA,NA
n1c-eng.txt,TRUE,personal injuries and the claimant has attached a medical report to the particulars o,n1c,NA,TRUE
n1d-bil.txt,TRUE,"h the particulars of claim completed or attached, you must reply within the time limit",n1d,NA,TRUE
n1sdt-eng.txt,TRUE,lars of claim if served separately) the attached forms may be used for that purpose. t,n1sdt,NA,TRUE
n2-eng.txt,TRUE,. fee account no. particulars of claim (attached)(to follow) claimants or claimants le,n2,NA,TRUE
n208a-eng.txt,FALSE,court means either a district registry (attached to a county court) or the royal court,n208a,NA,TRUE
n208pc-eng.txt,TRUE,d in the box below. yes noset out below attached section 5 detailed statement of groun,n208pc,NA,TRUE
n208pc-eng.txt,TRUE,tion 8 other applications set out below attached set out below attached section 6 aarh,n208pc,NA,NA
n210-bil.txt,TRUE,on written evidencemy written evidence: attached to this formadran fsection fenw llawn,n210,NA,TRUE
n210pc-eng.txt,FALSE,e that a separate application notice is attached.if you are seeking a direction that t,n210pc,NA,TRUE
n211-bil.txt,TRUE,hawliad (ynghlwm) particulars of claim (attached)datganiad gwirionedd *(credaf)(cred y,n211,NA,TRUE
n211-eng.txt,TRUE,(if applicable)hwfparticulars of claim (attached) part 20 claimant (s legal representa,n211,NA,TRUE
n211(cc)-eng.txt,TRUE,claim form and the particulars of claim attached to this claim form are true. * i am d,n211(cc),NA,TRUE
n211a-eng.txt,TRUE,ed with the claim form. you should also attach copies of all statements of case alread,n211a,TRUE,TRUE
n213(cc)-eng.txt,TRUE,) this claim part of the claim (details attached) 2. (i intend) (the part 20 defendant,n213(cc),NA,TRUE
n213(ccfl)-eng.txt,TRUE,s) this claimpart of the claim (details attached) 2.(i intend) (the part 20 defendant,n213(ccfl),NA,TRUE
n225a-eng.txt,FALSE,has partly admitted your claim (see the attached forms n9a and n9b) at the same time y,n225a,NA,TRUE
n235-eng.txt,TRUE,d party (give your reasons overleaf and attach a copy of any medical evidence in suppo,n235,TRUE,TRUE
n242a-eng.txt,TRUE,eedings. a notice of acceptance form is attached to this form should the oeree wish to,n242a,NA,TRUE
n244-bil.txt,TRUE,"gofyn ir llys ei wneud, n24424.have you attached a draft of the order you are yes no6.",n244,NA,TRUE
n244(ccfl)-eng.txt,TRUE,apply for an order (a draft of which is attached) that (2)because(3)1. where there is,n244(ccfl),NA,TRUE
n244(ccfl)-eng.txt,TRUE,ant) (1) wishes to rely on: tick onethe attached (witness statement)(adavit) (the clai,n244(ccfl),NA,NA
n252-eng.txt,TRUE,"cument eg. order, judgment ) dated(copy attached) i have prepared my bill of costs for",n252,NA,TRUE
n254-eng.txt,TRUE,(insert date )copies of (1) and (3) are attached. i also certify that i have not recei,n254,NA,TRUE
n264-bil_doc.txt,FALSE,"bost, pa fathau o ddogfennau apart from attachments to e-mails, which forms of electro",n264,NA,FALSE
n264-bil_doc.txt,TRUE,"tion 6 or 7 is ‘yes’, state whether (a) attachments to negeseuon e-bost (b) ffeiliau c",n264,NA,NA
n264-eng_doc.txt,FALSE,"ype) electronic documents 4. apart from attachments to e-mails, which forms of electro",n264,NA,FALSE
n264-eng_doc.txt,TRUE,"tion 6 or 7 is ‘yes’, state whether (a) attachments to e-mails (b) compressed files (c",n264,NA,NA
n266-eng.txt,TRUE,or part of case (set out above)(in the attached schedule) for the purposes of this cl,n266,NA,FALSE
n279-eng.txt,TRUE,"ntinued, a copy of theirconsent must be attached to, and served with, this form.to the",n279,TRUE,TRUE
n3-eng.txt,FALSE,should read the notes for the defendant attached to the claim form before you complete,n3,NA,FALSE
n316-eng.txt,FALSE,itors firm position or office held date[attached is a list of questions which the judg,n316,NA,FALSE
n316a-bil.txt,FALSE,der required the judgment debtor to]4. [attached is a list of questions which the judg,n316a,NA,FALSE
n322a-bil.txt,FALSE,ision or acas settlement (form cot3) is attached.cais am orchymyn i ganiatu gorfodi pe,n322a,NA,FALSE
n322a-eng.txt,FALSE,s conditional settlement (form cot3) is attached. the applicant applies to enforce a d,n322a,NA,FALSE
n322b-eng.txt,FALSE,ision or acas settlement (form cot3) is attached. the applicant applies to enforce a d,n322b,NA,FALSE
n325a-eng.txt,TRUE,and made under the judgment or order is attached to this request. signedclaimant (clai,n325a,NA,TRUE
n336-eng.txt,FALSE,r of thecounty court please search your attachment of earnings order index and notify,n336,FALSE,FALSE
n337-bil.txt,FALSE,at oclock at (address) n337 request for attachment of earnings order (05.14) crown cop,n337,FALSE,FALSE
n337-eng.txt,FALSE,05.14) crown copyright 2014 request for attachment of earnings order to be completed a,n337,FALSE,FALSE
n342-eng.txt,TRUE,ue is as shownmy evidence in support is attachedsignedclaimantdateimportant you must i,n342,NA,TRUE
n379-bil.txt,TRUE,"least 1,000 and evidence of the debt is attached to this application. what amount is s",n379,NA,TRUE
n379-bil.txt,TRUE,y the office copy land register entries attached orthe judgment creditor believes this,n379,NA,NA
n39-eng.txt,TRUE,"ts.if a list of additional documents is attached to this order, these too must be prod",n39,NA,TRUE
n440-eng.txt,TRUE,)a notice given under section 98(1)or i attach a copy of the notice which theresponden,n440,TRUE,TRUE
n445-eng.txt,TRUE,and made under the judgment or order is attached to this request.++ *delete if not a p,n445,NA,TRUE
n446-eng.txt,FALSE,(not warrant)in thecounty courtclaim no.attachment of earningsa/e no. order to obtain,n446,FALSE,FALSE
n461-bil.txt,FALSE,tailed statement of groundsset out belowattachedsection 7 details of remedy (including,n461,NA,FALSE
n461-eng.txt,TRUE,he box below. yes no3 of 6set out below attacheddoes the claim include any issues aris,n461,NA,FALSE
n461-eng.txt,TRUE,ly available in the box below. included attachedincluded attachedincluded attachedincl,n461,NA,NA
n461-nodiadau-n461-notes-bil.txt,TRUE,n 8statement of facts relied ondocument attached to the form. it should contain a at t,n461-nodiadau-n461-notes,NA,TRUE
n461-notes-eng.txt,TRUE,"of the form, or in a separate document attached to the form. it should contain a numb",n461-notes,NA,TRUE
n462-eng.txt,TRUE,e that a separate application notice is attached.(to be signed by you or by your solic,n462,NA,TRUE
n463-eng.txt,TRUE,in the box below) a draft order must be attached. name of claimants advocate a copy of,n463,TRUE,TRUE
n463pc-eng.txt,TRUE,box below) 2 of 2a draft order must be attached. name of claimants advocate a copy of,n463pc,TRUE,TRUE
n471-bil.txt,TRUE,he employment tribunal act 1996: please attach the original award to this application.,n471,NA,TRUE
n471-bil.txt,TRUE,"hat the award, the original of which is attached, has been led at the court and order",n471,NA,NA
n471-eng.txt,TRUE,nal award number date of award //please attach the original award to this application.,n471,NA,TRUE
n471a-eng.txt,TRUE,settlement in form cot3 dated //please attach the cot3 form to this application. n471,n471a,NA,TRUE
n471a-eng.txt,TRUE,"he settlement, the original of which is attached, has been led at the court and order",n471a,NA,NA
n5-bil.txt,TRUE,erty. full particulars of the claim are attached. (the claimant is also making a claim,n5,NA,TRUE
n5a-eng.txt,TRUE,particulars of the claim are [overleaf][attached]. the claim will be heard on: 20 at a,n5a,NA,TRUE
n5b-bil.txt,TRUE,"ritten tenancy most recent one, made on attached to this claim form.]yes nodd/mm/yyyyd",n5b,NA,TRUE
n5b-bil.txt,TRUE,", evidence of the application should be attached to this claim is the property require",n5b,NA,NA
n5b-bil.txt,TRUE,ruth*stated in this claim form (and any attached sheets) are true.* i am duly authoris,n5b,NA,NA
n5b-eng.txt,TRUE,copy of the demotion order marked b is attached to this claim form. the defendant was,n5b,NA,TRUE
n5b-eng.txt,TRUE,"defendant(s). a copy of it, marked a is attached to this claim form. the tenancy did n",n5b,NA,NA
n5b-eng.txt,TRUE,the defendant(s). it was served by: d) attached to this claim form is a copy of that,n5b,NA,NA
n5b-eng.txt,TRUE,", evidence of the application should be attached to this claim form marked d. is the p",n5b,NA,NA
n5b-eng.txt,TRUE,on (iv) a copy of the tds certicate is attached. (b) did the claimant receive a depos,n5b,NA,NA
n5b-eng.txt,TRUE,the notice expired on the dd /mm /yyyy attached to this claim form is a copy of that,n5b,NA,NA
n5c-bil.txt,TRUE,the claim form (as explained below) and attach the documents which it requires. if in,n5c,NA,TRUE
n5c-bil.txt,TRUE,"se delete the words in square brackets. attach a copy (of each), marking them a (and a",n5c,TRUE,NA
n5c-bil.txt,TRUE,"ved at the start of the tenancy must be attached, if this section applies. mark it b.",n5c,TRUE,NA
n5c-bil.txt,TRUE,provision. a copy of the notice must be attached. mark it c. say how and by whom the n,n5c,TRUE,NA
n5c-bil.txt,TRUE,"ou wish the judge to take into account. attach any documents referred to, marking them",n5c,NA,NA
n6-eng.txt,TRUE,erty. full particulars of the claim are attached. claimant (name(s) and address(es)) s,n6,NA,TRUE
n92-eng.txt,FALSE,ck if you object to the court making an attachment of earnings order and give your rea,n92,FALSE,FALSE
n93-eng.txt,FALSE,".............................. defendantattachmentapplication no.i,...................",n93,NA,FALSE
n9a-eng.txt,TRUE,separate sheet add the claim number and attach it to this form. make your oer of payme,n9a,FALSE,FALSE
n9a-eng.txt,FALSE,"orm, please read the notes for guidance attached to the claim form name of court claim",n9a,NA,NA
pa1-bil.txt,FALSE,separate notes) note: do not remove or attach anything to the will/codicil assets abr,pa1,NA,FALSE
pa1-eng.txt,FALSE,"you need more space for answers, please attach extra sheets of paper to your applicati",pa1,NA,FALSE
pa1-eng.txt,FALSE,port form with your application. do not attach anything to or remove anything from the,pa1,NA,NA
pa2-eng.txt,FALSE,"seeing a grant. if they agree, they may attach conditions such as asking you to sign a",pa2,NA,FALSE
pa97-bil_doc.txt,TRUE,tation with a copy of the will (if any) attached to the grant copïau swyddogol ychwane,pa97,NA,FALSE
pa97-eng_doc.txt,TRUE,tation with a copy of the will (if any) attached to the grant • additional official co,pa97,NA,FALSE
pcmh-bil_doc.txt,FALSE,"ahân separately. if completed manually, attach separate sheets if os bydd angen.) nece",pcmh,FALSE,FALSE
pcpf244-eng.txt,TRUE,"apply for an order, a draft of which is attached, for(3) i/we wish to have the applica",pcpf244,NA,FALSE
pf170a-eng_doc.txt,TRUE,the settlement or compromise should be attached to the claim form wherever possible;,pf170a,NA,TRUE
pf170b-eng_doc.txt,TRUE,the settlement or compromise should be attached to the application notice wherever po,pf170b,NA,TRUE
pf180-eng_doc.txt,TRUE,nts) and of every schedule or inventory attached thereto it or referred to therein and,pf180,NA,TRUE
pf20b-eng_doc.txt,TRUE,"of the part 20 practice direction, (b) attach the whole of form pf 21(and such paragr",pf20b,NA,TRUE
pf23-eng_doc.txt,FALSE,has claimed the goods specified in the attached schedule taken in execution by the en,pf23,NA,TRUE
pf244-bil_doc.txt,TRUE,"apply for an order, a draft of which is attached, for 3 yr wyf i/yr ydym ni’n dymuno i",pf244,NA,TRUE
pf50-eng.txt,TRUE,ulti-track (part 29)use form pf244/n244 attaching the whole of form pf52 as a draft or,pf50,NA,TRUE
pf52-eng_doc.txt,TRUE,tatement of case in accordance with the attached draft initialled by the [master/distr,pf52,NA,TRUE
pf57-eng_doc.txt,TRUE,following matters: (1. here set out or attach to the application notice the text of t,pf57,NA,TRUE
pf58-eng_doc.txt,FALSE,ed by the [master] [district judge] and attached to this order] or [as set out below].,pf58,NA,TRUE
pf9-eng.txt,TRUE,(2))parties should use form pf 244/n244 attaching form no. 42 as a draft orderand incl,pf9,NA,TRUE
ph10-eng_doc.txt,FALSE,acting. details of respondents (please attach separate page if necessary) name: addre,ph10,NA,FALSE
ph18-eng_doc.txt,FALSE,the act”) (1) with regard to conditions attached to a site licence or (2) to an altera,ph18,NA,FALSE
ph19-eng_doc.txt,FALSE,"rd to an alleged breach of condition(s) attached to a site licence, or (2) the taking",ph19,NA,FALSE
plo6-eng.txt,FALSE,law outline) 5other orders [ ] [ ] [see attached sheet] [] no document other than a do,plo6,NA,FALSE
plo9-eng_doc.txt,FALSE,date & time} other orders [ ] [ ] [see attached sheet] [(] no document other than a d,plo9,NA,FALSE
plp10-eng_doc.txt,FALSE,insert name] [according to schedule ‘a’ attached][as follows:- every [alternate] satur,plp10,NA,FALSE
poac1-eng.txt,TRUE,"ac) poac 1the terrorism act 2000 please attach a copy of the certicate, notice of deci",poac1,TRUE,TRUE
poac1-eng.txt,TRUE,y your appeal is late in the box below. attach any evidence/additional sheets if neces,poac1,TRUE,NA
ppf-bil.txt,FALSE,provision and implementing sharing and attachment orders mae'r adran hon yn ymdrin 'r,ppf,FALSE,FALSE
remo-10-eng_doc.txt,FALSE,"or persons, additional particulars are attached 4. particulars (if known) of the debt",remo-10,NA,FALSE
remo-10-eng_doc.txt,TRUE,n contained in this application and the attached documents correspond to and are in co,remo-10,NA,NA
remo-12-eng_doc.txt,FALSE,"or persons, additional particulars are attached 4.1 particulars (if known) of the deb",remo-12,NA,FALSE
remo-13-eng_doc.txt,FALSE,f the application to which this form is attached and to the best of the applicantâs,remo-13,NA,FALSE
remo-8-notes-eng.txt,FALSE,please continue on a separate sheet and attach it to t he applica t ion form. if the p,remo-8-notes,FALSE,FALSE
rents-3-eng_doc.txt,TRUE,sheet if necessary. statement (a) i/we* attach a copy of the notice proposing changes,rents-3,TRUE,TRUE
rta4-eng.txt,TRUE,e loss claim item being pursuedevidence attached comments gross value claimed% contrib,rta4,NA,TRUE
send1-eng.txt,TRUE,eceived during the assessment should be attached to the note sent to the parents and w,send1,NA,TRUE
send10-eng.txt,TRUE,e being struck out or less weight being attached to part of the evidence. it is clearl,send10,NA,TRUE
send10-eng.txt,FALSE,r the tribunal to decide what weight to attach to his or her evidence 1. witnesses who,send10,NA,NA
send11-eng.txt,FALSE,has been set out in the case directions attached. this gives deadlines by which report,send11,NA,TRUE
send15a-eng.txt,TRUE,mplete this form in capital letters and attach all receipts and tickets. section 1: pe,send15a,NA,TRUE
send1a-eng.txt,FALSE,"te in lieu, that note and the documents attached to it. if you are appealing against w",send1a,NA,TRUE
send20a-eng.txt,TRUE,paper but make sure that it is securely attached to your application with the appeal/c,send20a,NA,TRUE
send20b-eng.txt,TRUE,paper but make sure that it is securely attached to your application with the appeal n,send20b,NA,TRUE
send20c-eng.txt,TRUE,paper but make sure that it is securely attached to your application with the applicat,send20c,NA,TRUE
send22-eng.txt,FALSE,"rates those criteria, in any terms they attach to offers of a place at the school, or",send22,NA,FALSE
send26a-eng.txt,TRUE,of paper but make sure that it is rmly attached to the form. 5section 5: are you maki,send26a,NA,FALSE
send26a-eng.txt,TRUE,of paper but make sure that it is rmly attached to the form. section 6: late claims w,send26a,NA,NA
send26a-eng.txt,TRUE,of paper but make sure that it is rmly attached to the form. section 9: documents you,send26a,NA,NA
send26b-eng.txt,TRUE,of paper but make sure that it is rmly attached to the form. 4section 4: are you maki,send26b,NA,FALSE
send26b-eng.txt,TRUE,of paper but make sure that it is rmly attached to the form. section 6: late claims f,send26b,NA,NA
send26b-eng.txt,TRUE,of paper but make sure that it is rmly attached to the form. section 8: documents you,send26b,NA,NA
send27-eng.txt,FALSE,s to be set out as above. the limit for attachments is 14mb (megabytes). if the bundle,send27,NA,FALSE
send4a-eng.txt,TRUE,of paper but make sure that it is rmly attached to the form. section 7: late claims w,send4a,NA,FALSE
sscs1-(large-print)-eng.txt,TRUE,se tick this box to conrm that you have attached a copy of the mandatory reconsiderati,sscs1-(large-print),NA,TRUE
sscs1a-(large-print)-eng.txt,TRUE,ur households needs. you are welcome to attach evidence which you feel may be supporti,sscs1a-(large-print),NA,TRUE
sscs4-eng.txt,TRUE,se tick this box to conrm that you have attached a copy of the certicate of nhs charge,sscs4,NA,TRUE
sscs5a-eng.txt,TRUE,before the hearing. you are welcome to attach evidence which you feel may be supporti,sscs5a,NA,TRUE
sscs6-eng.txt,TRUE,se tick this box to conrm that you have attached a copy of your outcome of review noti,sscs6,NA,TRUE
t03-eng.txt,TRUE,ication to the tribunal. it should have attached to it any evidence which the tribunal,t03,NA,TRUE
t04-eng.txt,TRUE,pplication can be short but should have attached to it any evidence which the tribunal,t04,NA,TRUE
t04-eng.txt,TRUE,could be paginated and indexed and have attached to it the notice of appeal and all th,t04,NA,NA
t113-eng_doc.txt,TRUE,"in support • please indicate if you are attaching any supporting evidence, and say wha",t113,TRUE,TRUE
t127-eng.txt,FALSE,"ever, that the tribunal has no power to attach conditions to a cto or to amend conditi",t127,NA,FALSE
t170-eng.txt,TRUE,"sts oce for advice (details on page 5). attach any evidence and additional sheets, if",t170,TRUE,TRUE
t200-eng.txt,TRUE,m/yyyyhome oce decision letter you must attach a full copy of the home oce decision le,t200,TRUE,TRUE
t211-bil.txt,FALSE,ack of this form or on a separate sheet attached to the form if necessary. if you do n,t211,FALSE,FALSE
t240-eng.txt,FALSE,ustoms (hmrc). please read the guidance attached to this form before completing the no,t240,NA,FALSE
t241-eng.txt,TRUE,"or granted or refused hardship, please attach the letter they sent you. if you have n",t241,NA,TRUE
t243-eng.txt,TRUE,rised as basic are informal. you should attach the documents you intend to rely on wit,t243,TRUE,TRUE
t362-eng.txt,TRUE,"steps taken to locate the owner/owners (attach a detailed list of steps taken, when th",t362,NA,TRUE
t370-eng.txt,TRUE,"n with an interest in the land, if any (attach list if necessary) nameaddress postcode",t370,NA,TRUE
t372-eng.txt,TRUE,"nd to the reference yes noif no, please attach a document explaining why. please also",t372,NA,TRUE
t373-eng.txt,TRUE,"with an interest in the land, if any: (attach list if necessary) address for service",t373,NA,TRUE
t374-eng.txt,TRUE,ade by a claimant or claimants you must attach a statement specifying which of the gro,t374,TRUE,TRUE
t375-eng.txt,TRUE,"o respond to the reference yes noif no, attach a document explaining why and complete",t375,NA,TRUE
t379-eng.txt,FALSE,ers (complete the following details and attach additional sheets if required) 6. conrm,t379,FALSE,FALSE
t379-eng.txt,TRUE,e. (a) (aa) (b) (c) not applicable b. i attach a statement of case in which i provide,t379,NA,NA
t381-eng.txt,TRUE,plicant) concerning (land) objector(s) (attach a list if necessary) name address (incl,t381,NA,TRUE
t381-eng.txt,FALSE,"(a),(aa),(b) or (c) as the case may be, attach an extra sheet if needed) upper tribuna",t381,NA,NA
t381-eng.txt,FALSE,"(a),(aa),(b) or (c) as the case may be, attach an extra sheet if needed) any other rea",t381,NA,NA
t382-eng_doc.txt,TRUE,persons: name: address: name: address: (attach a list if necessary) dated signed note:,t382,NA,TRUE
t382-eng.txt,TRUE,...................................... (attach a list if necessary) dated.............,t382,NA,NA
t383-eng_doc.txt,FALSE,or having a proprietary interest in it. attach separate sheet if necessary) 1. name: a,t383,FALSE,FALSE
t383-eng.txt,FALSE,or having a proprietary interest in it. attach separate sheet if necessary ) 1. name:.,t383,FALSE,NA
t383-eng.txt,TRUE,.................................. i/we attach three copies of the proposed applicatio,t383,NA,NA
t384-eng_doc.txt,TRUE,"ured…………………….(state colour) on the plan attached hereto, hereby apply to the…………………………",t384,NA,TRUE
t384-eng.txt,TRUE,"ged/coloured.(state colour) on the plan attached hereto, hereby apply to the....counci",t384,NA,NA
t385-eng.txt,TRUE,on which you rely must be set out in an attached statement of your case. it should be,t385,NA,TRUE
t385-eng.txt,FALSE,ield of expertise 3. i/we have read the attached guidance and request the: a. standard,t385,NA,NA
t420-eng.txt,TRUE,tion on-line it will not be possible to attach that certicate to the claim form. in or,t420,NA,TRUE
t420-eng.txt,FALSE,please continue on a separate page and attach it to this form. if you are providing i,t420,NA,NA
t422-eng.txt,FALSE,please continue on a separate sheet and attach it to this form. 7 employers contract c,t422,FALSE,FALSE
t439-eng.txt,TRUE,owing statement on your headed paper or attached to your business card: i conrm that a,t439,NA,TRUE
t440-eng.txt,FALSE,"l, the size of any one email, including attachments, should not exceed 10mb. if you at",t440,NA,TRUE
t444-eng.txt,FALSE,"e case, that a judgment is awaited; are attached to this notice. if any of these docum",t444,NA,TRUE
t450-eng.txt,TRUE,ori am applying for help with fees and attach my application form ex160 if you would,t450,NA,TRUE
t453-eng.txt,TRUE,ori am applying for help with fees and attach my application form ex160if you would l,t453,NA,TRUE
t464-eng.txt,TRUE,ori am applying for help with fees and attach my application form ex160help with fees,t464,NA,TRUE
t470-eng.txt,FALSE,es where the glaa modifies a licence by attaching additional licence conditions (alcs),t470,NA,TRUE
t470-eng.txt,TRUE,ehensively the grounds for your appeal; attach all supporting documents referred to in,t470,NA,NA
t470-eng.txt,TRUE,uments in hard copy form they should be attached to a hard copy of the completed form,t470,NA,NA
t470-eng.txt,FALSE,"or revoke a licence and the conditions attached to the licence, the case would be ref",t470,NA,NA
t480-eng.txt,TRUE,ent act 2007. yes no4 of 7set out below attached does the claim include any issues ari,t480,NA,TRUE
t480-eng.txt,TRUE,ly available in the box below. included attached included attached included attached i,t480,NA,NA
t481-notes-eng.txt,TRUE,"ction dated 21 august 2013, as amended (attached herewith) or where your claim relates",t481-notes,NA,TRUE
t482-eng.txt,TRUE,e that a separate application notice is attached. (to be signed by you or by your soli,t482,NA,TRUE
t483-eng.txt,TRUE,box below) 2 of 3a draft order must be attached. section 3 justication for request fo,t483,TRUE,TRUE
t491-eng.txt,FALSE,e individual to exercise all the rights attached to their acquired gender. once a pers,t491,NA,TRUE
t497-eng.txt,TRUE,py of the appeal form and all documents attached to it to the authority. the authority,t497,NA,TRUE
t53-eng.txt,TRUE,le1 8dj telephone: 0300 123 4504 please attach the ex160 applicat ion form and support,t53,NA,TRUE
t541-eng.txt,TRUE,nothing. i would pay no more than 75 we attach a list of all the work we do in the yea,t541,NA,TRUE
t542-eng.txt,TRUE,tter to the tribunal in word format and attach it to the email (maximum of ve pages -,t542,NA,TRUE
t544-eng.txt,FALSE,on by the local authority of conditions attached to a site licence; a compliance notic,t544,NA,TRUE
t601-eng.txt,FALSE,erty t ribunal in wales please read the attached guidance notes before completing this,t601,NA,TRUE
t601-eng.txt,FALSE,m when you file it. please also see the attached guidance note on fees. when must the,t601,NA,NA
t601-eng.txt,TRUE,esses of all appellants must be stated. attach a list separately if necessary. where t,t601,NA,NA
t601-eng.txt,FALSE,e cou rse of the appeal. please see the attached guidance note on fees . failure to in,t601,NA,NA
t602-eng.txt,TRUE,sses of all appli cants must be stated. attach a list separately if necessary. where t,t602,NA,TRUE
t602-eng.txt,FALSE,he course of the appeal. please see the attached guidance note on fees . failure to in,t602,NA,NA
t603-eng.txt,FALSE,perty tribunal in wales please read the attached guidan ce notes before completing thi,t603,NA,TRUE
t603-eng.txt,TRUE,spondents in the group must be stated . attach a list separately if necessary. where t,t603,NA,NA
t603-eng.txt,FALSE,he course of the appeal. please see the attached guidance note on fees. please enclose,t603,NA,NA
t619-eng_doc.txt,TRUE,"tion appeals commission act 1997 please attach a copy of the certificate, notice of de",t619,TRUE,TRUE
t619-eng_doc.txt,TRUE,y your appeal is late in the box below. attach any evidence / additional sheets if nec,t619,TRUE,NA
t94-eng.txt,FALSE,nded a permit or failed to renew or has attached a disputed condition to an existing l,t94,NA,TRUE
t97-eng.txt,TRUE,tice and the date you received it. also attach a full copy of the notice and indicate,t97,NA,TRUE
t98-eng_doc.txt,TRUE,tice you are appealing against you must attach a copy of the decision notice with this,t98,TRUE,TRUE
tcc-cm1-eng.txt,TRUE,the reasons why on a separate sheet and attach it to this form. the construction and e,tcc-cm1,FALSE,FALSE
tcc-cm1-eng.txt,TRUE,se give details on a separate sheet and attach it to this form. 3court: chancery divis,tcc-cm1,FALSE,NA
tcc-cm1-eng.txt,TRUE,y and construction court guide have you attached a list of the directions you think ap,tcc-cm1,NA,NA
tcc-cm1-eng.txt,TRUE,the form. please ensure they are firmly attached to it. a settlementc pre-action proto,tcc-cm1,NA,NA
te7-eng_doc.txt,TRUE,o file a statement out of time you must attach the statement te9 to your application.,te7,TRUE,TRUE
tsf4-eng.txt,TRUE,expenses and allowances payable leaet. attach all receipts. please print details clea,tsf4,NA,TRUE
ut12-leaflet-eng.txt,FALSE,"refuses to vary an existing licence, or attaches conditions to the licence, or grants",ut12-leaflet,NA,FALSE
ut4-eng.txt,TRUE,e and appeal reference number on it and attached it to this form ut4 sendis form (upda,ut4,NA,TRUE
ut4-notes-eng.txt,TRUE,e and appeal reference number on it and attach it firmly to the form. ut4 (sendis heal,ut4-notes,NA,TRUE
ut9-eng_doc.txt,TRUE,e and appeal reference number on it and attached it to this form h reasons for appeali,ut9,NA,TRUE
ut9-notes-eng.txt,TRUE,the sentw appeal/claim number on it and attach it firmly to the form.page 3part h reas,ut9-notes,NA,TRUE
