file,required,short_text,automated_validation
a-e-eng.txt,F,NA,NA
a-e-eng.txt,F,booklet explains how to comply with the attachment of earnings order (aeo) that you ha,FALSE
a-e-eng.txt,F,make a deduction from what is left (the attachable earnings ) after you have deducted:,FALSE
a-e-eng.txt,F,r the purpose of calculating deductions attachment of earnings orders fall into two ca,FALSE
a-e-eng.txt,F,"ion rate of 25 calculate your employees attachable earnings, eg. 190 set aside his pro",FALSE
a-e-eng.txt,F,"ion rate of 25 calculate your employees attachable earnings, eg 170 set aside his prot",FALSE
a-e-eng.txt,F,"ion rate of 25 calculate your employees attachable earnings, eg 140 as the protected e",FALSE
a-e-eng.txt,F,"ger or shorter than that specied in the attachment of earnings order, calculate the nu",FALSE
a-e-eng.txt,F,u should calculate your employees total attachable earnings for the pay period multipl,FALSE
a-e-eng.txt,F,an ask the court to make a consolidated attachment of earnings order (caeo). this will,FALSE
a-e-eng.txt,F,ation is available in a handbook called attachment orders: a guide for employers avail,FALSE
a1-eng.txt,F,NA,NA
a1-eng.txt,T,cate which type of order(s) you are and attach the draft order with this application r,TRUE
a100-eng.txt,T,"my child), who is the child to whom the attached certified copy of the entry in the re",NA
a101-eng.txt,T,"my child), who is the child to whom the attached certified copy of the entry in the re",NA
a101a-bil_doc.txt,T,"my child), who is the child to whom the attached certified copy of the sydd ynghlwm o'",NA
a101a-eng_doc.txt,T,"my child), who is the child to whom the attached certified copy of the entry in the re",NA
a102-eng.txt,T,"my child), who is the child to whom the attached certified copy of the entry in the re",NA
a104-eng.txt,T,"my child), who is the child to whom the attached birth certificate relates (1) , in fa",NA
a105-eng.txt,T,"my child), who is the child to whom the attached birth certificate relates (1) , to (2",NA
a107-eng.txt,T,"my child), who is the child to whom the attached birth certificate relates ( see note",NA
a107-eng.txt,T,the adopted children register should be attached and not a certified copy of the origi,NA
a20-eng.txt,T,u will nd a list of the documents to be attached on the application form a58. if you a,NA
a20-eng.txt,T,nditions applies. you will also need to attach a brief statement of the facts you are,NA
a21-eng.txt,T,you will find a list of documents to be attached on the application form a59. you may,NA
a5-eng.txt,T,ption act 1976. a copy of that order is attached.2.the transfer would be in the best i,NA
a50-bil.txt,F,been made or applied for. please do not attach to this application copies of adoption,NA
a50-bil.txt,T,eich cais yn berthnasol.note: you must attach to your application a brief summary of,TRUE
a50-notes-eng.txt,T,"completing the formimportantif you are attaching any order of the high court, county",NA
a51-bil.txt,F,NA,NA
a51-bil.txt,T,hod)cases concerning a related child or attach a copy of the ) y math o orchymyn (neu,TRUE
a51-eng.txt,T,note 2 a copy of the placement order is attached. see note 3about other orders or proc,NA
a51-notes-eng.txt,T,completing the formimportantif you are attaching any order of the high court or the f,NA
a52-bil.txt,T,option.a copy of the placement order is attachedsee note 5gweler nodyn 9gwarcheidwad y,NA
a52-eng.txt,T,cation a copy of the placement order is attached part 5 statement of truth if you atte,NA
a52-nodiadau-a52-notes-bil.txt,T,completing the formimportantif you are attaching any order of the high court or a cou,NA
a52-notes-eng.txt,T,completing the formimportantif you are attaching any order of the high court or the f,NA
a53-bil.txt,T,lication (please give details below and attach a copy of the order to your application,TRUE
a53-eng.txt,T,mber type of order date of order(please attach a copy of the order to your application,TRUE
a53-nodiadau-a53-notes-bil.txt,T,option and children act 2002.if you are attaching any order of the high court or a cou,NA
a53-notes-eng.txt,T,der section 51a of that act. if you are attaching any previous court order to your app,NA
a54-notes-eng.txt,T,ption and children act 2002. if you are attaching any order of the high court or the f,NA
a55-bil.txt,T,rchname of your contact in the agencyor attach a copy of the placement ordername of co,TRUE
a55-eng.txt,T,lacement order (please give details and attach a copy of the placement order)about oth,TRUE
a55-notes-eng.txt,T,to change a childs surname. if you are attaching any order of the high court or the f,NA
a56-bil.txt,T,lacement order (please give details and attach a copy of the placement order)name of c,TRUE
a56-eng.txt,T,lacement order (please give details and attach a copy of the placement order)see note,TRUE
a56-nodiadau-a56-notes-bil.txt,T,ild from the united kingdom. if you are attaching any order of the high court or the f,NA
a56-notes-eng.txt,T,ild from the united kingdom. if you are attaching any order of the high court or the f,NA
a57-bil.txt,T,ourt or family court court). if you are attaching an order made by a requests or court,NA
a58-bil.txt,T,ical practitioner on (give date(s)) are attached to this application.declarationsin re,NA
a58-bil.txt,T,are sending to explain the difference. attach two photocopies of each of the followin,NA
a58-eng.txt,T,s born on and is the person to whom the attached of live births/register of adopted ch,NA
a58-eng.txt,T,lfare of the child requires it.you must attach a brief statement of facts (and two cop,TRUE
a58-eng.txt,T,ary evidence to explain the difference. attach two photocopies of each of the followin,NA
a58-nodiadau-a58-notes-bil.txt,T,the register of live births.if you are attaching any order of the high court or famil,NA
a58-notes-eng.txt,T,vention adoption order). fullif you are attaching any order of the high court or famil,NA
a59-eng.txt,T,s born on and is the person to whom the attached regarding the childs identity relates,NA
a59-nodiadau-a59-notes-bil.txt,T,m is the state of origin the if you are attaching any order of the high court or the f,NA
a59-notes-eng.txt,T,r of marriages or the births.if you are attaching any order of the high court or the f,NA
a60-bil.txt,T,as born onand is the person to whom the attached of live births/register of adopted ch,NA
a60-bil.txt,T,lfare of the child requires it.you must attach a brief statement of facts (and two cop,TRUE
a60-bil.txt,T,ary evidence to explain the difference. attach two photocopies of each of the followin,NA
a60-eng.txt,T,s born on and is the person to whom the attached of live births/register of adopted ch,NA
a60-eng.txt,T,lfare of the child requires it.you must attach a brief statement of facts (and two cop,TRUE
a60-eng.txt,T,ary evidence to explain the difference. attach two photocopies of each of the followin,NA
a60-nodiadau-a60-notes-bil.txt,T,or ^ ^ ^ ^^^ civil partner. you should attach to your application any part 2 about th,TRUE
a61-bil.txt,T,lfare of the child requires it.you must attach a brief statement of facts (and two of,TRUE
a61-eng.txt,T,s born on and is the person to whom the attached of live births/register of adopted ch,NA
a61-eng.txt,T,lfare of the child requires it.you must attach a brief statement of facts (and two cop,TRUE
a61-nodiadau-a61-notes-bil.txt,T,the register of live births.if you are attaching any order of the high court or famil,NA
a61-notes-eng.txt,T,islands or the isle of man. if you are attaching any order of the high court or famil,NA
a62-bil.txt,T,on a copy of the convention adoption is attached see note 9see note 11 rhan 5 datgania,NA
a62-eng.txt,T,on a copy of the convention adoption is attached see note 9see note 11 see note 11 par,NA
a62-notes-eng.txt,T,"ion 67(3) does not apply, or if you are attaching any order of the high court or a fam",NA
a63-bil.txt,T,"y proceedings that have been completed, attach a copy of ) plentyn (e.e. chwaer, hanne",TRUE
a63-eng.txt,T,doption or convention adoption order is attached made on (date)ora copy of the oversea,NA
a63-notes-eng.txt,T,completing the formimportantif you are attaching any order of the high court or the f,NA
a64-eng.txt,F,er (this will not include the documents attached to that form)the adoption order or an,NA
a64a-bil.txt,F,er (this will not include the documents attached to that form) the parental order or a,NA
a64a-eng.txt,T,formation from court records you should attach a full certied copy of the entry in the,TRUE
adm1-eng.txt,F,of rm or company) particulars of claim (attached)(to follow) full name name of claiman,NA
adm16a-eng.txt,F,serve this form. see notes for guidance attached to the claim form. adm16a defence to,NA
adm1a-eng.txt,F,form *(and the particulars of the claim attached to this claim form) are true. * i am,NA
application-for-anonymity-notes-(iat)-eng.txt,F,e the box provided for this purpose and attach additional sheets should you need to. i,NA
application-for-anonymity-notes-(utiac)-eng.txt,F,e the box provided for this purpose and attach additional sheets should you need to. i,NA
attachment-of-earnings-orders-for-criminal-fines-national-pilot-april-2004-eng.txt,F,NA,NA
attachment-of-earnings-orders-for-criminal-fines-national-pilot-april-2004-eng.txt,F,measures; and a national pilot of wider attachment of earnings orders and deductions f,FALSE
attachment-of-earnings-orders-for-criminal-fines-national-pilot-april-2004-eng.txt,F,implementation as specified in the 1971 attachment of earnings act (see point 8 below,FALSE
b1-eng_doc.txt,T,"nal sheets of paper if you need to, and attach them to this form. in this box, give al",NA
c1-bil.txt,T,d whose name you have put in paragraph 2attach a copy of the relevant order and give:,TRUE
c1-eng.txt,T,whose name you have put in paragraph 2 attach a copy of the relevant order and give:,TRUE
c100-bil.txt,F,NA,NA
c100-bil.txt,T,"ass.gov.uk/parentingplan if yes, please attach the plan to this application form 3c. a",NA
c100-bil.txt,T,noplease tick if additional sheets are attached. please attach a copy of any relevant,TRUE
c100-bil.txt,T,an agreement (consent order) and if so attach the draft order to this form. tick whet,TRUE
c100-bil.txt,T,he box on page 3 to make this clear and attach the draft order with this c100 form. gw,TRUE
c100-eng.txt,F,NA,NA
c100-eng.txt,F,ed. if there is not enough space please attach separate sheets clearly showing the det,NA
c100-eng.txt,T,"ass.gov.uk/parentingplan if yes, please attach the plan to this application form 64. u",NA
c100-eng.txt,T,n) please tick if additional sheets are attached. please attach a copy of any relevant,TRUE
c100-eng.txt,T,an agreement (consent order) and if so attach the draft order to this form. tick whet,TRUE
c100-eng.txt,T,he box on page 1 to make this clear and attach the draft order with this c100 form. re,TRUE
c110-bil.txt,F,al work chronology (a succinct summary) attached to follow if to follow please give re,NA
c110-bil.txt,F,NA,NA
c110-bil.txt,F,NA,NA
c110-bil.txt,F,NA,NA
c110-bil.txt,F,NA,NA
c110-bil.txt,F,NA,NA
c110-bil.txt,T,mpleted this form ensure that you have: attached copies of any relevant documents. sig,NA
c110-eng.txt,F,e page 16annex1. social work chronology attached to follow (a succinct summary) if to,NA
c110-eng.txt,F,NA,NA
c110-eng.txt,F,NA,NA
c110-eng.txt,F,NA,NA
c110-eng.txt,F,NA,NA
c110-eng.txt,T,mpleted this form ensure that you have: attached copies of any relevant documents. sig,NA
c110a-eng.txt,F,nex documents 1. social work chronology attached to follow (a succinct summary) if to,NA
c110a-eng.txt,F,NA,NA
c110a-eng.txt,T,and on which the local authority relies attached to follow if to follow please give re,NA
c110a-eng.txt,F,NA,NA
c110a-eng.txt,T,mpleted this form ensure that you have: attached copies of any annex documents. signed,NA
c1a-bil.txt,T,e any copies of the above orders please attached them to this form.adran 2 - manylion,NA
c1a-bil.txt,T,(condential contact details) note: only attach this form if you want to withhold your,NA
c1a-bil.txt,F,NA,NA
c1a-eng.txt,T,e any copies of the above orders please attached them to this form do you have a solic,NA
c1a-eng.txt,T,(condential contact details) note: only attach this form if you want to withhold your,NA
c1a-eng.txt,F,NA,NA
c2-eng.txt,F,ed. if there is not enough space please attach separate sheets. cafcass/cafcass cymru,NA
c2-eng.txt,T,to issue an application check you have attached copies of the form c100 application a,NA
c20-eng.txt,F,NA,NA
c23-eng.txt,T,[a named person]][a power of arrest be attached to the exclusion requirement for a pe,NA
c5-bil.txt,T,"ts, state the date(s) and author(s) and attach a copy.3. sail y caisy sail yw bod plen",TRUE
c5-bil.txt,T,t provide a copy of the application and attached documents for each of the respondents,NA
c5-eng.txt,T,"ts, state the date(s) and author(s) and attach a copy. postcode3please list any docume",TRUE
c5-eng.txt,T,t provide a copy of the application and attached documents for each of the respondents,NA
c51-bil.txt,T,"have been completed/commenced (please, attach a copy of the nal order )hyd y gwyddoch",TRUE
c51-bil.txt,T,"eclaration we declare that certicate is attached, or certicate is attached, or relatio",NA
c51-eng.txt,T,"have been completed/commenced (please, attach a copy of the nal order )relationship t",TRUE
c63-bil.txt,T,"hood is in question. yes if yes, please attach a copy of any relevant order and give a",TRUE
c63-bil.txt,T,s nac oes16what to do nowcheck you have attached copies of any relevant orders (as per,NA
c63-eng.txt,T,"hood is in question. yes if yes, please attach a copy of any relevant order and give a",TRUE
c63-eng.txt,T,he page 11what to do now check you have attached copies of any relevant orders (as per,NA
c64-bil.txt,T,gofynion11what to do nowcheck you have attached a certied copy of your birth certicat,NA
c64-eng.txt,T,the page 8what to do now check you have attached a certied copy of your birth certicat,NA
c65-bil.txt,T,provide a copy of this application and attached documents for each of the respondents,NA
c65-eng.txt,T,provide a copy of this application and attached documents for each of the respondents,NA
c66-bil.txt,T,"ddalenni ychwanegol.yes if yes, please attach a copy of any relevant orderdetails bel",TRUE
c66-eng.txt,T,noplease tick if additional sheets are attached.9 if there are more than 2 respondent,NA
c66-eng.txt,T,h you about the requirements 12you must attach one of the following documents to this,TRUE
c67-eng.txt,T,noplease tick if additional sheets are attached.9respondents rst name middle name(s),NA
c67-eng.txt,T,"tice, strand, london wc2a 2ll. you must attach one of the following documents to this",TRUE
c68-eng.txt,T,noplease tick if additional sheets are attached.9respondents rst name middle name(s),NA
c68-eng.txt,T,"tice, strand, london wc2a 2ll. you must attach one of the following documents to this",TRUE
c69-eng.txt,T,noplease tick if additional sheets are attached.9respondents rst name middle name(s),NA
c69-eng.txt,T,"tice, strand, london wc2a 2ll. you must attach one of the following documents to this",TRUE
c78-bil.txt,F,d arrangements orderc78 application for attachment of a warning notice to a child arra,NA
c78-bil.txt,T,ts.please tick if additional sheets are attached.enwr llys lle maer achosion yn cael e,NA
c78-eng.txt,T,d arrangements orderdd /mm /yyyy please attach a copy of the order where available.1.,TRUE
c78-eng.txt,F,ts.please tick if additional sheets are attached.name of child(ren) involved in other,NA
c79-bil.txt,T,rbynebau neu dystiolaeth arall 14please attach a copy of the enforcement order if 7c.,TRUE
c79-eng.txt,T,the applicationname of child(ren)please attach a copy of the order where available.to,TRUE
c79-eng.txt,T,plain why you are making this claim and attach any receipts or other evidence see cb5,NA
c79-eng.txt,T,"or time period should be amended.please attach a copy of the enforcement order, if ava",TRUE
c79-eng.txt,F,"ts.please tick if additional sheets are attached.name of child(ren)if yes, please prov",NA
c79-eng.txt,T,ave completed all parts of the form and attached all the relevant documents: a copy of,NA
capsbacs1-eng.txt,F,ps helpdesk on 0300 123 1057 payment of attachment of earnings orders by bacs thank yo,FALSE
capsbacs3-eng.txt,F,"urrently in force (if necessary, please attach a separate sheet) note: this form is fo",NA
cb4-eng.txt,T,ese details on form c8 which you should attach to your application. the court staff wi,TRUE
cb5-eng.txt,F,o an existing child arrangements order. attaching a warning notice to a child arrangem,NA
certificate-of-loss-eng.txt,T,"ess, or local benefit office, stamp; or attach it to an original compliment slip or sh",NA
ch1-eng_doc.txt,T,"of issues, preferably agreed, should be attached to the draft directions so as to assi",NA
ch1-eng_doc.txt,T,"to expert evidence, the parties should attach a list of issues, preferably agreed. tr",NA
ch1-eng_doc.txt,F,form of summary of precedent h. this is attached for information only at this stage. i,NA
ch14-eng_doc.txt,F,ch have been allowed are set out in the attached schedule and with the interest on the,NA
ch14-eng_doc.txt,F,iven by the testator are set out in the attached schedule and with the interest on the,NA
ch14-eng_doc.txt,F,NA,NA
ch14-eng_doc.txt,F,NA,NA
ch15-eng_doc.txt,F,r sale () the property described in the attached first schedule (“the property”) be so,NA
ch19-eng_doc.txt,F,p consist of the items specified in the attached schedule the schedule (1) the leaseho,NA
ch2-eng_doc.txt,F,e court file [initialled by the master][attached to the application notice dated (date,NA
ch26-eng_doc.txt,F,having agreed the terms set out in the attached schedule the court pronounces for/aga,NA
ch27-eng_doc.txt,F,"testamentary documents specified in the attached schedule to masters’ appointments, gr",NA
ch30-eng_doc.txt,F,he deceased on [date] is set out in the attached schedule () the costs of the applicat,NA
ch31-eng_doc.txt,F,ving agreed to the terms set out in the attached schedule it is by consent ordered tha,NA
ch32-eng_doc.txt,F,the terms of compromise set out in the attached schedule and consented to this order,NA
ch35-eng_doc.txt,F,act 1975 the property specified in the attached schedule (being part of the net estat,NA
ch37-eng_doc.txt,T,erved by the claimant on the defendants attach lodgment schedule service of the order,NA
ch42-eng_doc.txt,F,NA,NA
ch7-eng_doc.txt,F,court of justice in accordance with the attached claim form 2) you are or may be one o,NA
ch8-eng_doc.txt,F,e of judgment/order) a copy of which is attached to this notice 2) from the time of th,NA
child-support-how-to-appeal-(england)-eng.txt,F,re that there are some responsibilities attached to being a representative. the hearin,NA
child-support-how-to-appeal-(england)-eng.txt,F,usion. the importance that the tribunal attaches to evidence may be affected if the wi,NA
child-support-how-to-appeal-(scotland)-eng.txt,F,re that there are some responsibilities attached to being a representative. the hearin,NA
child-support-how-to-appeal-(scotland)-eng.txt,F,usion. the importance that the tribunal attaches to evidence may be affected if the wi,NA
cic-guide-1996-eng.txt,F,e classified in one of the tariff bands attached to the scheme. minor injuriessuch as,NA
cic-guide-2001-eng.txt,F,o be included in oneof the tariff bands attached to the scheme. any criminal injury wi,NA
cic-guide-2008-eng.txt,F,e classified in one of the tariff bands attached to the scheme. minor injuriessuch as,NA
comp-3-eng_doc.txt,NA,NA,NA
comp-8-eng_doc.txt,T,ted in the witness statement in support attached to this application. (* delete this p,NA
comp-8-eng_doc.txt,F,NA,NA
control-order-eng_doc.txt,F,of your claim in the box below. you may attach additional sheets of paper if required.,NA
control-order-eng_doc.txt,F,NA,NA
control-order-eng_doc.txt,F,nder the human rights act 1998. you may attach additional sheets of paper if required.,NA
cop-dla-eng.txt,F,ailed statement of grounds set out belowattachedare you making an interim application?,NA
cop-dla-eng.txt,T,re than one previous application please attach the information about other previous ap,NA
cop-dol10-eng.txt,T,fy the nature of the order you seek and attach a draft. duration of the order sought i,TRUE
cop-dol10-eng.txt,T,ch is identied within the application.i attach form cop3 or other evidence of capacity,NA
cop-dol10-eng.txt,T,"ion 10aa and provide details, including attaching statements.181. people who have been",NA
cop-dol10-eng.txt,F,NA,NA
cop-dol10-eng.txt,F,the body of the application form or in attached documents.failure to provide the info,NA
cop-dol10-eng.txt,F,NA,NA
cop-dol10-eng.txt,F,NA,NA
cop-dol10-eng.txt,F,NA,NA
cop-dol10-eng.txt,F,NA,NA
cop-gn2-eng.txt,T,"ed (in the form of a witness statement, attaching documents as exhibits where necessar",NA
cop-gn3-eng.txt,T,"ders made by the court, which should be attached to your statement. to download the fo",NA
cop1-eng.txt,T,ght and reasons for the urgency you can attach draft interim order/ directions 1.2do y,NA
cop10-eng.txt,T,ith this application notice. if you are attaching any written evidence please use the,NA
cop1b-eng.txt,F,NA,NA
cop1c-eng.txt,T,annex must be submitted with cop11.2 i attacha copy of the order appointing a deputy,NA
cop1d-eng.txt,T,r. mrs.missms.other(b)applicant 2 1.2 i attacha copy of the order appointing you deput,NA
cop1e-eng.txt,T,.missms.other (b) applicant 21.2 please attach if applicablea copy of the order appoin,NA
cop1e-eng.txt,F,relevant exhibits if necessary evidence attached2.2 if joint deputy for property and a,NA
cop1f-eng.txt,F,relevant exhibits if necessary evidence attached3the statement of truth is to be signe,NA
cop20a-eng.txt,F,"re true. note:no other forms need to be attached with this form. however, it may assis",NA
cop20b-eng.txt,F,"re true. note:no other forms need to be attached with this form. however, it may assis",NA
cop22-eng.txt,T,r my belief are as follows: document(s) attachedif your belief is based upon medical o,NA
cop24-eng.txt,T,court then it should be included in or attached to this form. if the court requires t,NA
cop25-eng.txt,T,afdavit then it must be included in or attached to this form. only the following may,NA
cop35-eng.txt,T,with this appellants notice. if you are attaching any written evidence please use the,NA
cop5-eng.txt,T,ment to provide your evidence. evidence attached4section 4 attending court hearings4.1,NA
cop5-eng.txt,F,NA,NA
cop7-bil.txt,T,ans the lpa made by the donor. evidence attached ^ wneud aa). ^ ^er. rhoddwr. * maer o,NA
cop7-eng.txt,T,with this application form. if you are attaching any written evidence please use the,NA
cop8-eng.txt,T,with this application form. if you are attaching any written evidence please use the,NA
cop9-eng.txt,T,ith this application notice. if you are attaching any written evidence please use the,NA
criminal-injuries-compensation-scheme-1996-eng.txt,F,"ation act 1995 (c.53), hereby makes the attachedcriminal injuries compensation scheme,",NA
criminal-injuries-compensation-scheme-2001-eng.txt,F,"sation act 1995 (c.53),hereby makes the attached criminal injuries compensation scheme",NA
cs-a1-eng.txt,F,NA,NA
cs-a1-eng.txt,T,dvice (details at the end of the form). attach any evidence/additional sheets if neces,NA
cs-a2-eng.txt,F,NA,NA
cs-a2-eng.txt,T,dvice (details at the end of the form). attach any evidence/additional sheets if neces,NA
cs-a3-eng.txt,T,nd require you to act quickly. have you attached a copy of the decision under appeal?,NA
cs-a3-eng.txt,T,dvice (details at the end of the form). attach any evidence/additional sheets if neces,NA
cs-a4-eng.txt,T,", please state which language. have you attached a copy of the decision under appeal?",NA
cs-a4-eng.txt,T,dvice (details at the end of the form). attach any evidence/additional sheets if neces,NA
cs-a90-eng.txt,T,ca listpova listyes noyes no5. have you attached a copy of the decision under appeal?,NA
cs-a90-eng.txt,T,dvice (details at the end of the form). attach any evidence/additional sheets if neces,NA
cs-a91-eng.txt,T,"er, give details in section f) have you attached a copy of the decision under appeal?",NA
cs-a91-eng.txt,T,dvice (details at the end of the form). attach any evidence/additional sheets if neces,NA
d11-bil.txt,T,yn dda. awr munud hours minutes please attach a draft copy of the order you are apply,TRUE
d11-bil.txt,F,NA,NA
d11-bil.txt,T,any order you are applying for must be attached to your application. the draft should,TRUE
d11-eng.txt,F,NA,NA
d11-eng.txt,F,NA,NA
d11-eng.txt,T,any order you are applying for must be attached to your application. the draft should,TRUE
d186-eng.txt,T,ese things. the form d10/d510 should be attached to the statement and marked as an exh,NA
d190-eng.txt,F,ump-sum payment or a pension-sharing or attachment order. this leaet is for you if you,FALSE
d252-bil.txt,T,"ument eg. order, judgment ) dated (copy attached) i have prepared my bill of costs for",NA
d252-eng.txt,T,"ument eg. order, judgment ) dated (copy attached) i have prepared my bill of costs for",NA
d254-bil.txt,F,NA,NA
d254-eng.txt,F,ault costs certicate i certify that the attached notice of commencement was served on,NA
d440-eng.txt,F,NA,NA
d508-cym.txt,F,"ompleting this form, read carefully the attached notes for guidance.in the county cour",NA
d50b-bil.txt,F,NA,NA
d50b-bil.txt,F,NA,NA
d50b-bil.txt,F,he facts stated in this application and attached statement are true *i am duly authori,NA
d50b-eng.txt,F,NA,NA
d50b-eng.txt,F,he facts stated in this application and attached statement are true *i am duly authori,NA
d50b-eng.txt,F,NA,NA
d50c-bil.txt,T,eu manylion yma.) dd/mm/bbbb you should attach this form to a completed form a1 when i,TRUE
d50c-eng.txt,T,ropriate boxes) dd /mm /yyyy you should attach this form to a completed form a1 when i,TRUE
d50d-bil.txt,F,NA,NA
d50d-bil.txt,T,which they propose to rely. you should attach this form to a completed form a1 when i,TRUE
d50d-eng.txt,T,he facts stated in this application and attached statement are true *i am duly authori,NA
d50e-bil.txt,T,his application and evidence of this is attached. the respondent has not consented to,NA
d50j-bil.txt,T,vidence attached) no (other evidence is attached supporting the persons intention of a,NA
d50j-eng.txt,T,vidence attached) no (other evidence is attached supporting the persons intention of a,NA
d50k-bil.txt,T,llawn enw ffyrm cyfreithiwr y ceisydd i attach further evidence of the calculation ato,NA
d50k-eng.txt,F,"ethods, as it considers appropriate: an attachment of earnings order a third party deb",FALSE
d70-bil.txt,F,mine the status of a couple you have an attached documents on the attorney general at,NA
d70-bil.txt,F,gun dd/mm/copies of the application and attached documents were served on the attorney,NA
d70-eng.txt,F,serve copies of the application and the attached documents on the attorney general at,NA
d70-eng.txt,F,dd/mm/yyyycopies of the application and attached documents were served on the attorney,NA
d8-bil.txt,T,"arriage, since you got married you must attach a copy of your change of name deed or o",TRUE
d8-bil.txt,F,NA,NA
d8-bil.txt,T,on y briodas/bartneriaeth silyou should attach your marriage or civil partnership cert,TRUE
d8-bil.txt,F,er pension sharing/compensation sharing/attachment order os ydych yn anghytuno gydach,FALSE
d8-eng.txt,T,"arriage, since you got married you must attach a copy of your change of name deed or o",TRUE
d8-eng.txt,F,NA,NA
d8-eng.txt,T,ents to this address. page 6 you should attach your marriage or civil partnership cert,TRUE
d8-eng.txt,F,pension sharing/ compensation sharing/ attachment order these decisions are called 'n,FALSE
d8-nodiadau-d8-notes-bil.txt,T,with the seal of the court). if you are attaching an order made by a family proceeding,NA
d80a-bil.txt,T,"rely as evidence of adultery, you must attach a copy of this statement and tick the r",TRUE
d80a-eng.txt,T,"ment of service, a copy of which i have attached to this statement and marked a, as th",NA
d80b-bil.txt,T,"he acknowledgement of service, you must attach a copy to this statement and tick the r",TRUE
d80b-eng.txt,T,"he acknowledgement of service, you must attach a copy to this statement and tick the r",TRUE
d80c-bil.txt,T,the acknowledgement of service you must attach a copy to this statement and tick the r,TRUE
d80c-eng.txt,T,the acknowledgement of service you must attach a copy to this statement and tick the r,TRUE
d80d-bil.txt,T,"ce of the respondents consent, you must attach a copy to this statement and tick the r",TRUE
d80d-eng.txt,T,"ce of the respondents consent, you must attach a copy to this statement and tick the r",TRUE
d80e-eng.txt,T,"he acknowledgement of service, you must attach a copy to this statement and tick the r",TRUE
d80f-bil.txt,T,the acknowledgement of service you must attach a copy to this statement and tick the r,TRUE
d80f-eng.txt,T,the acknowledgement of service you must attach a copy to this statement and tick the r,TRUE
d80g-bil.txt,T,eedings and any orders made; you should attach copies of any orders made. (b) achosion,TRUE
d80g-eng.txt,T,eedings and any orders made; you should attach copies of any orders made. continued ov,TRUE
d80g-eng.txt,T,"he acknowledgement of service, you must attach a copy to this statement and tick the r",TRUE
d81-bil.txt,T,) date of birth 6. please state how the attached proposed consent order was reached e.,NA
d81-bil.txt,F,NA,NA
d81-bil.txt,F,n order include provision for a pension attachment order and/or a ppf pension compensa,FALSE
d81-bil.txt,F,NA,NA
d81-bil.txt,F,"and if appropriate, any pension sharing/attachment annex or compensation sharing/annex",NA
d81-eng.txt,F,ion arrangement/ppf board for a pension attachment order and/or a ppf pension compensa,FALSE
d8a-bil.txt,F,"ecessary, continue on another sheet and attach it to this form. living arrangements 2.",NA
d8a-bil.txt,T,lease give details in the box below and attach a copy of any order(s) which you have.,TRUE
d8d-eng.txt,T,"ship has broken down irretrievably, and attach a separate petition for divorce/dissolu",NA
d8d-nodiadau-d8d-notes-bil.txt,T,ssing to make an application.if you are attaching any order of the high court or a cou,NA
d8d-notes-eng.txt,T,"sing to make an application. if you are attaching any order of the high court, county",NA
d8n-eng.txt,F,artnership act of 2004 (pension sharing/attachment order) or section 25f or section 21,FALSE
d8n-nodiadau-d8n-notes-bil.txt,T,petition to your the court). if you are attaching an order made by a has been stamped,NA
d8n-notes-eng.txt,T,the court fee and any documents you are attaching in support of your application. you,NA
epl4-eng.txt,T,e loss claim item being pursuedevidence attached comments value claimed is gross amoun,NA
epl5-eng.txt,T,e loss claim item being pursuedevidence attached comments value claimedinterest gross,NA
epl6-and-epl7-eng.txt,T,imant losses item being pursuedevidence attached % interest rate claimant defendant re,NA
et1-eng.txt,F,NA,NA
et1a-eng.txt,F,NA,NA
et3-eng.txt,F,NA,NA
ex244-eng_doc.txt,T,"apply for an order, a draft of which is attached, for (3) (please note that all applic",NA
ex321-eng.txt,F,the court for: a warrant of control; an attachment of earnings order; a third-party de,FALSE
ex321-eng.txt,F,at hmctsformnder.justice.gov.uk page 4 attachment of earnings order an attachment of,FALSE
ex321-eng.txt,F,(warrant of control); wages or salary (attachment of earnings order); savings (third-,FALSE
ex322-eng.txt,F,ses if there is no living accommodation attached and they believe the debtors goods ar,NA
ex323-eng.txt,F,uk this will help you decide whether an attachment of earnings order is the best actio,FALSE
ex323-eng.txt,F,ntee that you will get your money back. attachment of earnings how do i ask for an att,FALSE
ex323-eng.txt,F,NA,NA
ex323-eng.txt,F,the defendants home area to search the attachment of earnings index. this index is a,FALSE
ex323-eng.txt,F,quest for and result of a search in the attachment of earnings index) which you can on,FALSE
ex323-eng.txt,F,you will need form n337 (request for an attachment of earnings order). you can get thi,FALSE
ex323-eng.txt,F,"dge thinks the defendant knew about the attachment of earnings application, the judge",FALSE
ex323-eng.txt,F,"wage, it may not be possible to make an attachment of earnings order. the order will b",FALSE
ex323-eng.txt,F,ostmark shown on the envelope which the attachment of earnings order came in. the cour,FALSE
ex323-eng.txt,F,r reissue) to ask the court to send the attachment of earnings order to the new employ,FALSE
ex323-eng.txt,F,nsolidated order. anyone involved in an attachment of earnings order (including the de,FALSE
ex323-eng.txt,F,and procedures. page 7 n337 request for attachment of earnings order (06.09) crown cop,FALSE
ex324-eng.txt,T,vit. a copy of the order served must be attached (exhibited) to the afdavit. if the en,TRUE
ex325-eng.txt,T,u should obtain a copy of the entry and attach it to your application. information abo,NA
ex326-eng.txt,F,n ways are: a warrant of control; or an attachment of earnings order. what is a warran,FALSE
ex326-eng.txt,F,NA,NA
ex326-eng.txt,F,NA,NA
ex326-eng.txt,F,es of the courts. you cannot include an attachment order made to collect maintenance f,FALSE
ex326-eng.txt,F,ke and sell some of the things you own. attachment of earnings - arranging for your em,FALSE
ex327-bil.txt,F,ex327_0711.indd 526/07/2011 08:57:386an attachment of earnings order only apply for th,FALSE
ex327-bil.txt,T,rt from where the maintenance order and attach it to your statement. hearing the judge,NA
ex327-cym.txt,F,gorfodi a ddisgrir yn y daen hon yw:an attachment of earnings order; gorchymyn atafae,FALSE
ex327-eng.txt,F,easures described in this leaet are: an attachment of earnings order; a warrant of con,FALSE
ex327-eng.txt,T,ails about the debtors income or assets attach a supporting statement to your applicat,NA
ex328-eng.txt,F,rrant of control or writ of control. an attachment of earning order. a third party deb,NA
ex328-eng.txt,F,NA,NA
ex329-eng.txt,F,rrant of control or writ of control. an attachment of earning order. ex329 - i have an,NA
ex329-eng.txt,F,NA,NA
ex332-eng.txt,F,you all but one copy of the forms n130. attached to each will be a form n133 (witness,NA
ex375-eng.txt,F,ll in the eeo certicate that you can nd attached to the eeo regulation on our website,NA
ex50-eng.txt,F,"for money, there is no additional fee. attachment of earnings fees order 8.7 applicat",FALSE
ex50a-eng_doc.txt,F,of delivery £121 8.7 application for an attachment of earnings order £110 8.8 consolid,FALSE
ex660-notes-eng.txt,F,judge or court making the request. 14) attached is a sample court order and completed,NA
ex660-notes-eng.txt,T,"etails relating to immigration: (please attach any documents, such as case summaries,",NA
ex660-notes-eng.txt,F,NA,NA
ex660-notes-eng.txt,T,"together with the sealed order and any attached documents, without delay to: home off",NA
exn161-eng_doc.txt,T,ote that any report relied upon must be attached to this application form) include or,TRUE
exn162-eng_doc.txt,T,ote that any report relied upon must be attached to this application form); identify e,TRUE
fe15-bil.txt,F,ol y credydwr) dyddiad fe15 request for attachment of earnings order (04.17) crown cop,FALSE
fe15-bil.txt,F,NA,NA
fe15-bil.txt,F,NA,NA
fe15-eng.txt,F,ight 2017 fe15 family court request for attachment of earnings order to be completed a,FALSE
fe15-eng.txt,F,NA,NA
fe15-eng.txt,F,NA,NA
fe16-bil.txt,F,ebtor to the manager please search your attachment of earnings order index and notify,FALSE
fe16-eng.txt,F,ebtor to the manager please search your attachment of earnings order index and notify,FALSE
fe17-bil.txt,F,17 family court form for replying to an attachment of earnings application read the no,FALSE
fe17-bil.txt,F,t and savings fe17 statement of means - attachment of earnings (04.17) crown copyright,FALSE
fe17-eng.txt,F,17 family court form for replying to an attachment of earnings application read the no,FALSE
fe17-eng.txt,F,t and savings fe17 statement of means - attachment of earnings (04.17) crown copyright,FALSE
fe6-eng.txt,T,ster entry(ies) for the title(s) is/are attached. orthe land is not registered and alt,NA
fe6-eng.txt,T,ke sure that the required documents are attached. your application will be returned to,NA
fe7-eng.txt,T,ke sure that the required documents are attached. your application will be returned to,NA
fee-account-t_cs-eng.txt,T,"ot have any other form of valid payment attached, will be returned unprocessed. hm cou",NA
ffurflen-6_doc.txt,F,"ies set out in the statement of affairs attached to this petition are (f)(£100,000 or",NA
ffurflen-6.txt,F,NA,NA
ffurflen-a-form-a-bil.txt,F,order a pension sharing order a pension attachment order a pension compensation sharin,FALSE
ffurflen-a-form-a-bil.txt,T,he box on page 2 to make this clear and attach the draft order with this application r,TRUE
ffurflen-e-bil.txt,T,"e made, a false statement in a you must attach documents to the form where other docum",TRUE
ffurflen-e-bil.txt,T,"f this application is to vary an order, attach a copy of the order and give details of",TRUE
ffurflen-e-bil.txt,T,mains unsold.documentation required for attachment to this section:a) a copy of any va,NA
ffurflen-e-bil.txt,T,interest in.documentation required for attachment to this section:a) copies of the bu,NA
ffurflen-e-bil.txt,T,h employment.documentation required for attachment to this section: have received this,NA
ffurflen-e-bil.txt,T,x and national insuranceif the payslips attached for the last three months h.y. incwm,NA
ffurflen-e-bil.txt,F,g a i) pension sharing orderii) pension attachment orderiii) pension compensation shar,FALSE
ffurflen-e-bil.txt,T,owing list shows the documents you must attach to your form e if applicable. you may a,TRUE
ffurflen-e1-form-e1-bil.txt,T,2006. by a statement of truth. you must attach documents to the form where they docume,TRUE
ffurflen-e1-form-e1-bil.txt,T,(ewch i 3.) documentation required for attachment to this section: the last 5th april,NA
ffurflen-e1-form-e1-bil.txt,T,and national insurance if the payslips attached for the last three months are teitl y,NA
ffurflen-e1-form-e1-bil.txt,T,ach property documentation required for attachment to this section: sum outstanding on,NA
ffurflen-e1-form-e1-bil.txt,T,ding policy. documentation required for attachment to this section: gynnwys polisau gw,NA
ffurflen-e1-form-e1-bil.txt,T,ragraph dogfen document ticiwch ynghlwm attached amherthnasol not applicable i ddilyn,NA
ffurflen-e1-form-e1-bil.txt,T,owing list shows the documents you must attach to your form e1 if applicable. you may,TRUE
ffurflen-e1-form-e1-bil.txt,F,NA,NA
ffurflen-e2-form-e2-bil.txt,T,enw'r atebydd 2postcodedd//yyyyyou must attach the documents listed in the schedule to,TRUE
ffurflen-p1-form-p1-bil.txt,T,new pension scheme itself.) (v) please attach a copy of the letter from the qualifyin,TRUE
fgm701-eng.txt,F,NA,NA
fl401a-bil.txt,T,", the court and the case number. please attach a copy of the order if available. ar un",TRUE
fl401a-eng.txt,T,", the court and the case number. please attach a copy of the order if available. 8 oth",TRUE
fl403-bil.txt,T,er(s) for which you are applying please attach a copy of the order if possible.signed,TRUE
fl403-eng.txt,T,er(s) for which you are applying please attach a copy of the order if possible. i am a,TRUE
fl403a-bil.txt,T,er(s) for which you are applying please attach a copy of the order if possible.signed,TRUE
fl403a-eng.txt,T,er(s) for which you are applying please attach a copy of the order if possible. i am a,TRUE
fl700-eng.txt,T,any other order with a power of arrest attached you must without delay ensure the ord,NA
fl700-eng.txt,T,tion orders where no power of arrest is attached ask a member of court staff if you ar,NA
fl701-eng.txt,F,order without the need for the court to attach a power of arrest or for the victim to,NA
form-56a-eng.txt,F,s as soon as possible by completing the attached form and sending it to the civil appe,NA
form-56b-eng.txt,F,s as soon as possible by completing the attached form and sending it to the civil appe,NA
form-a-eng.txt,F,order a pension sharing order a pension attachment order a pension compensation sharin,FALSE
form-a-eng.txt,F,NA,NA
form-a-eng.txt,T,he box on page 1 to make this clear and attach the draft order with this application.,TRUE
form-a1-eng.txt,F,NA,NA
form-a1-eng.txt,F,NA,NA
form-a1-eng.txt,T,he box on page 1 to make this clear and attach the draft order with this application r,TRUE
form-e-notes-eng.txt,T,ll you which documents you will need to attach to the form. these notes are only a gui,NA
form-e1-eng.txt,F,ion for fraud under the fraud act 2006. attached sheet of paper. name and address of s,NA
form-e1-eng.txt,T,n on your p60 insurance if the payslips attached for the last three this employment no,NA
form-e1-eng.txt,F,NA,NA
form-e2-eng.txt,T,raud act 2006. proceedings for you must attach the documents listed in the schedule to,TRUE
form-p-eng.txt,F,when a pension sharing order or pension attachment order may be made form p pension in,FALSE
form-p-eng.txt,T,details of the cev quotation should be attached and the date on which it was calculat,NA
form-p1-eng.txt,T,new pension scheme itself.) (v) please attach a copy of the letter from the qualifyin,TRUE
form-p10-eng_doc.txt,F,iled statement of grounds set out below attached section 5 what outcome are you seekin,NA
form-p10-eng_doc.txt,T,ng later. statement of grounds included attached statement of facts relied on included,NA
form-p10-eng.txt,T,iled statement of grounds set out below attached section 5 what outcome are you seekin,NA
form-p10-eng.txt,T,ng later. statement of grounds included attached statement of facts relied on included,NA
form-p10-guidance-notes-eng.txt,F,"of the form, or in a separate document attached to this form. it should contain a num",NA
form-p2-eng.txt,F,l partnership act 2004] form p2 pension attachment annex under [section 25b or 25c of,NA
form-p9-eng_doc.txt,F,decision (rule 45) please refer to the attached guidance before completing this form.,NA
form-p9-eng_doc.txt,T,ng later. statement of grounds included attached statement of facts relied on included,NA
form-p9-eng.txt,F,decision (rule 45) please refer to the attached guidance before completing this form.,NA
form-p9-eng.txt,T,ng later. statement of grounds included attached statement of facts relied on included,NA
form-p9-guidance-notes-eng.txt,F,"in section 4, or in a separate document attached to the form which should refer to sec",NA
form-p9-guidance-notes-eng.txt,F,"of the form, or in a separate document attached to this form which should refer to se",NA
form-pe3-(vehicle-emissions)-guidance-eng_doc.txt,T,"ny supporting evidence that you wish to attach to your out of time forms, then this mu",NA
form-pe3-guidance-eng_doc.txt,T,tion you wish to be considered. you may attach any relevant evidence. once the form ha,NA
form-ppf-eng.txt,F,n sharing order or pension compensation attachment order may be made form ppf pension,FALSE
form-ppf-eng.txt,T,details of the cev quotation should be attached and the date on which it was calculat,NA
form-ppf-eng.txt,F,icy please and implementing sharing and attachment orders 3c. to be completed by the p,FALSE
form-ppf-eng.txt,F,"fund (pension compensation sharing and attachment on divorce etc) regulations 2011, s",NA
form-ppf-eng.txt,F,fund (pension compensation sharing and attachment on divorce etc) regulations 2011 s.,NA
form-ppf-eng.txt,F,fund (pension compensation sharing and attachment on divorce etc) regulations 2011 s.,NA
form-ppf-eng.txt,F,fund (pension compensation sharing and attachment on divorce etc) regulations 2011 s.,NA
form-ppf1-eng.txt,F,fund (pension compensation sharing and attachment on divorce etc) regulations 2011; (,NA
form-ppf2-eng.txt,F,achment annex to a pension compensation attachment order [section 25f of the matrimoni,FALSE
form-rp-pta-eng_doc.txt,F,the tribunal decision is wrong. you may attach an additional sheet if necessary. pleas,NA
form-ta-eng_doc.txt,T,"recognition, state reasons given and/or attach relevant documents if the landlord has",NA
fp161-eng.txt,T,s of any further additional parties are attached yes norespondent 1 respondent 2 respo,NA
fp161-eng.txt,F,"umbered paragraphs, on a separate sheet attached to this notice and entitled grounds o",NA
fp161-eng.txt,F,reasons and evidence as set out in the attached witness statemen t in the space below,NA
fp161a-eng.txt,T,write the case number clearly on it and attach it securely to the notice. if you do no,NA
fp161a-eng.txt,T,ther email your completed form with the attachments to appeals.familydivision@hmcts.gs,NA
fp162-eng.txt,T,s of any further additional parties are attached yes nohow many additional parties det,NA
fp162-eng.txt,F,grounds for the reasons set out: in the attached witness sta tement in the space belo,NA
fp162-eng.txt,F,ely on : evidence set out in part c the attached witness sta tement i wish to make an,NA
fp162a-eng.txt,T,"case number on it, sign and date it and attach it securely to the notice. if you do no",NA
fp2-bil.txt,T,e court to makeimportant: you must also attach a draft of your application form for a,TRUE
fp2-eng.txt,T,e court to makeimportant: you must also attach a draft of your application form for a,TRUE
fp244-eng.txt,F,NA,NA
fp244-eng.txt,F,NA,NA
fp244a-eng.txt,T,"witness statement, tick the rst box and attach the statement to the application notice",NA
fp5-bil.txt,F,ou should read the notes for respondent attached to the application form which will te,NA
fp5-eng.txt,F,ou should read the notes for respondent attached to the application form which will te,NA
fp9-bil.txt,NA,NA,NA
fp9-eng.txt,FF,NA,NA
ftc3-notes-eng.txt,T,ke sure it has your full name on it and attach it to the form. part e reasons for refe,NA
gambling-guidance-on-fee-remission-for-companies-eng.txt,T,hen you have completed the form. please attach the application form and supporting evi,NA
getting-the-best-out-of-the-court-system-eng.txt,T,aces where they are clearly visible and attaching to each stake copies of the claim fo,NA
getting-the-best-out-of-the-court-system-eng.txt,F,"details of the suspension and any terms attached to it. if the application fails, the",NA
getting-the-best-out-of-the-court-system-eng.txt,F,"of the housing act 1996, the court may attach a power of arrest to one or more of the",NA
gmappeal-1-eng.txt,T,"capacity / authority: signed: (3) 4. i attach two copies of the following documents,",NA
gmappeal2-eng.txt,T,capacity / authority: signed: (2) 6. i attach copies of the following documents in su,NA
ground-rules-hearing-form-(multiple-defendants)-eng_doc.txt,T,and his/her signed defence statement is attached or i have advised the defendant of th,NA
ground-rules-hearing-form-(multiple-defendants)-eng_doc.txt,T,wing matters will be put to the jury. i attach the direction i would ask the court to,NA
ground-rules-hearing-form-eng_doc.txt,T,and his/her signed defence statement is attached or i have advised the defendant of th,NA
ground-rules-hearing-form-eng_doc.txt,T,wing matters will be put to the jury. i attach the direction i would ask the court to,NA
iaft-1-eng.txt,F,NA,NA
iaft-1-eng.txt,T,your appeal is late in this box below. attach any evidence/additional sheets if neces,NA
iaft-2-eng.txt,F,NA,NA
iaft-2-eng.txt,T,your appeal is late in this box below. attach any evidence/additional sheets if neces,NA
iaft-2-guide-eng.txt,T,ssible. page 8 it is important that you attach any evidence that you wish the judge to,NA
iaft-3-eng.txt,F,NA,NA
iaft-3-eng.txt,T,your appeal is late in this box below. attach any evidence/additional sheets if neces,NA
iaft-5-eng.txt,F,NA,NA
iaft-5-eng.txt,T,your appeal is late in this box below. attach any evidence /additional sheets if nece,NA
iaft-5(dia)-eng_doc.txt,F,NA,NA
iaft-5(dia)-eng_doc.txt,T,your appeal is late in this box below. attach any evidence/additional sheets if neces,NA
iaft-6-eng.txt,F,NA,NA
iaft-6-eng.txt,T,your appeal is late in this box below. attach any evidence /additional sheets if nece,NA
iaft-6-guide-eng.txt,T,n as possible. it is important that you attach any evidence that you wish the judge to,NA
iaft-7-eng.txt,F,NA,NA
iaft-7-eng.txt,T,your appeal is late in this box below. attach any evidence/additional sheets if neces,NA
jr1-eng.txt,F,ounds and facts relied on set out below attached jr1(t&c) (11.14) 4 section 6 details,NA
jr2-eng.txt,T,e that a separate application notice is attached set out below attached jr2 (t&c) (11.,NA
leasehold-1-eng_doc.txt,F,rovide the following information on the attached sheet entitled “administration charge,NA
leasehold-10-eng_doc.txt,T,ease ensure the following documents are attached with this application form and indica,NA
leasehold-11-eng_doc.txt,T,ease ensure the following documents are attached with this application form and indica,NA
leasehold-12-eng_doc.txt,T,ease ensure the following documents are attached with this application form and indica,NA
leasehold-13-eng_doc.txt,T,ease ensure the following documents are attached with this application form and indica,NA
leasehold-14-eng_doc.txt,T,ease ensure the following documents are attached with this application form and indica,NA
leasehold-15-eng_doc.txt,T,ease ensure the following documents are attached with this application form and indica,NA
leasehold-2-eng_doc.txt,T,lease omit those details from box 1 and attach them on a separate sheet. where details,NA
leasehold-3-eng_doc.txt,T,lease omit those details from box 1 and attach them on a separate sheet. where details,NA
leasehold-4-eng_doc.txt,T,lease omit those details from box 1 and attach them on a separate sheet. where details,NA
leasehold-4-eng_doc.txt,T,box to confirm: a copy of the lease(s). attach a list of the names and address of pers,NA
leasehold-8-eng_doc.txt,T,ease ensure the following documents are attached with this application form and indica,NA
leasehold-9-eng_doc.txt,T,ease ensure the following documents are attached with this application form and indica,NA
loc002-eng.txt,F,copy of the notice of presentation and attachments on the director of public prosecut,NA
loc045-eng_doc.txt,F,"ard copy, or by sending it as an e-mail attachment.] trial directions 23. the claimant",NA
mcol-guide-eng.txt,T,rom the defendant then a copy should be attached to the n225 / n225a before you send i,NA
mercantile-directions-eng_doc.txt,F,es of documents set out in the schedule attached to this order shall be made by [claim,NA
mercantile-directions-eng_doc.txt,T,er parties and lodged with the court by attachment to e-mail at the following addresse,NA
mercantile-template-1-eng_doc.txt,F,es of documents set out in the schedule attached to this order shall be made by [claim,NA
mercantile-template-1-eng_doc.txt,T,er parties and lodged with the court by attachment to e-mail at the following address:,NA
mercantile-template-1-eng_doc.txt,F,specific permission is given; c. e-mail attachments sent to the court should not excee,NA
mercantile-template-2-eng_doc.txt,F,es of documents set out in the schedule attached to this order shall be made by [claim,NA
mercantile-template-2-eng_doc.txt,T,er parties and lodged with the court by attachment to e-mail at the following address:,NA
mercantile-template-2-eng_doc.txt,F,specific permission is given; c. e-mail attachments sent to the court should not excee,NA
mercantile-template-3-eng_doc.txt,F,es of documents set out in the schedule attached to this order shall be made by [claim,NA
mercantile-template-3-eng_doc.txt,T,er parties and lodged with the court by attachment to e-mail at the following address:,NA
mercantile-template-3-eng_doc.txt,T,specific permission is given; c. e-mail attachments sent to the court should not excee,NA
mercantile-template-4-eng_doc.txt,F,es of documents set out in the schedule attached to this order shall be made by [claim,NA
mercantile-template-4-eng_doc.txt,T,er parties and lodged with the court by attachment to e-mail at the following address:,NA
mercantile-template-4-eng_doc.txt,F,specific permission is given; c. e-mail attachments sent to the court should not excee,NA
mercantile-template-5-eng_doc.txt,F,es of documents set out in the schedule attached to this order shall be made by [claim,NA
mercantile-template-5-eng_doc.txt,T,er parties and lodged with the court by attachment to e-mail at the following address:,NA
mercantile-template-5-eng_doc.txt,F,specific permission is given; c. e-mail attachments sent to the court should not excee,NA
mercantile-template-6-eng_doc.txt,F,es of documents set out in the schedule attached to this order shall be made by [claim,NA
mercantile-template-6-eng_doc.txt,T,er parties and lodged with the court by attachment to e-mail at the following address:,NA
mercantile-template-6-eng_doc.txt,F,specific permission is given; c. e-mail attachments sent to the court should not excee,NA
mps-expenses-notice-of-appeal-eng.txt,F,thority (ipsa) please read the guidance attached to this form before completing the no,NA
n1-bil.txt,T,l representative) particulars of claim (attached)(to follow) ydy/yes nac ydy/no bydd/,NA
n1-eng.txt,T,of rm or company) particulars of claim (attached)(to follow) full name name of claiman,NA
n1(cc)-eng.txt,T,form *(and the particulars of the claim attached to this claim form) are true. * i am,NA
n1(ccfl)-eng.txt,T,form *(and the particulars of the claim attached to this claim form) are true. * i am,NA
n1(chfl)-eng.txt,T,form *(and the particulars of the claim attached to this claim form) are true. * i am,NA
n110a-eng.txt,F,ay or any sunday. n110a power of arrest attached to injunction (06.15) crown cop yrigh,NA
n119-bil.txt,T,set out below)(details are shown on the attached rent statement) (b) oherwydd bod y di,NA
n119-eng.txt,T,set out below)(details are shown on the attached rent statement) (b) because the defen,NA
n119a-eng.txt,T,"ises let on a demoted tenancy, you must attach to the particulars of claim a copy of t",TRUE
n11b-bil.txt,F,NA,NA
n11b-bil.txt,T,"receive the notice (a copy of which is attached to the claim form and marked b) and,",NA
n11b-bil.txt,F,NA,NA
n11b-bil.txt,T,acts stated in this claim form (and any attached sheets) are true.* i am duly authoris,NA
n11b-eng.txt,F,NA,NA
n11b-eng.txt,T,"receive the notice (a copy of which is attached to the claim form and marked b) and,",NA
n11b-eng.txt,F,NA,NA
n11b-eng.txt,F,acts stated in this claim form (and any attached sheets) are true. * i am duly authori,NA
n130-eng.txt,F,to the occupiers. in addition it may be attached to stakes in the ground in conspicuou,NA
n149-bil.txt,F,ims track and you must now complete the attached questionnaire to procedure rules (cpr,NA
n15-eng.txt,F,you should read the notes for defendant attached to the claim form which will tell you,NA
n150-bil.txt,T,e directions wherever possible)have you attached a list of the directions you think ap,NA
n150-bil.txt,T,pliance with cpr part 43.h fee have you attached the fee for filing this allocation qu,NA
n150-bil.txt,F,NA,NA
n150-bil.txt,F,"ective track, you must now complete the attached questionnaire.if you fail to return t",NA
n151-bil.txt,F,NA,NA
n151-bil.txt,T,ourt processi other informationhave you attached documents you wish the judge to take,NA
n151-bil.txt,T,"s, nodwch hwy os gwelwch yn ddahave you attached a list of the directions you think ap",NA
n151-bil.txt,F,"ective track, you must now complete the attached questionnaire. if you fail to return",NA
n16(1)-eng.txt,F,ction is directed) a power of arrest is attached to terms [ ] of this injunction where,NA
n161-bil.txt,T,ails of additional parties (if any) are attachedyes noadran 2manylion yr aplo ba lys y,NA
n161-bil.txt,F,eal are set out on a separate sheet and attached to this notice.or justice(s) of the p,NA
n161-bil.txt,F,e grounds of appeal on a separate sheet attached to each of the appellants notices one,NA
n161-eng.txt,T,ails of additional parties (if any) are attached fee account no. (if applicable)help w,NA
n161-eng.txt,F,"umbered paragraphs, on a separate sheet attached to this notice and entitled grounds o",NA
n161-eng.txt,F,eal are set out on a separate sheet and attached to this notice. or (in the case of ap,NA
n161-eng.txt,F,e grounds of appeal on a separate sheet attached to each appellants notice; one additi,NA
n161a-bil.txt,T,rticular section. case number on it and attach it securely to the notice.if you do not,NA
n161a-eng.txt,T,rite the claim or case number on it and attach it securely to the notice. 4if you do n,NA
n161c-bil.txt,T,our national insurance number on it and attach it securely to the notice.if you do not,NA
n161c-bil.txt,T,n 7: arguments in support arguments are attached to the notice or will be to follow. o,NA
n161c-eng.txt,T,our national insurance number on it and attach it securely to the notice.if you do not,NA
n161d-eng.txt,T,ers to. write the case number on it and attach it securely to the notice.if you do not,NA
n161d-eng.txt,T,e grounds of appeal on a separate sheet attached to each of the appellants notices fil,NA
n162-eng.txt,T,t 2016 details of other respondents are attached yes nosection 5 permission to le an a,NA
n162-eng.txt,F,my skeleton argument is:- set out below attached will be led and served within 14 day,NA
n162-eng.txt,T,lies) for an order (a draft of which is attached) that:- part b i (the respondent) wis,NA
n164-bil.txt,T,the court has received the document(s)i attach (please tick)a copy of the order being,NA
n164-eng.txt,T,the court has received the document(s)i attach (please tick)a copy of the order being,NA
n170-bil.txt,T,"anagement order has been made. you must attach estimates of costs incurred to date, an",TRUE
n170-bil.txt,F,NA,NA
n170-bil.txt,T,and fee checklist tick as appropriate i attach to this questionnaire- an application a,NA
n170-eng.txt,T,"e trial takes place. if yes, you should attach an application and a draft order. inclu",TRUE
n170-eng.txt,T,"management order has been made.you must attach estimates of costs incurred to date, an",TRUE
n170-eng.txt,F,NA,NA
n170-eng.txt,T,and fee checklist tick as appropriate i attach to this questionnaire - 3 of 3yes noyes,NA
n181-bil.txt,T,ionnaire. please ensure they are firmly attached to it. asettlement notes the court ma,NA
n181-bil.txt,F,ated in the proposed directions a track attached which would not be the normal track f,NA
n181-bil.txt,F,ontained within the proposed directions attached and specify the draft order number. o,NA
n181-bil.txt,T,e with cpr 3.13. i conrm precedent h is attached. hcosts how long do you estimate the,NA
n181-eng.txt,T,ionnaire. please ensure they are firmly attached to it. yes noasettlement notes yes no,NA
n181-eng.txt,F,ated in the proposed directions a track attached which would not be the normal track f,NA
n181-eng.txt,F,ontained within the proposed directions attached and specify the draft order number. d,NA
n181-eng.txt,T,e with cpr 3.13. i conrm precedent h is attached. hcosts notes 6please enter your name,NA
n1c-eng.txt,T,personal injuries and the claimant has attached a medical report to the particulars o,NA
n1d-bil.txt,T,"h the particulars of claim completed or attached, you must reply within the time limit",NA
n1d-eng.txt,T,personal injuries and the claimant has attached a medical report to the particulars o,NA
n1sdt-eng.txt,T,lars of claim if served separately) the attached forms may be used for that purpose. t,NA
n2-eng.txt,T,. fee account no. particulars of claim (attached)(to follow) claimants or claimants le,NA
n208a-eng.txt,F,court means either a district registry (attached to a county court) or the royal court,NA
n208pc-eng.txt,T,d in the box below. yes noset out below attached section 5 detailed statement of groun,NA
n208pc-eng.txt,T,tion 8 other applications set out below attached set out below attached section 6 aarh,NA
n210-bil.txt,T,on written evidencemy written evidence: attached to this formadran fsection fenw llawn,NA
n210-eng.txt,F,you should read the notes for defendant attached to the claim form which will tell you,NA
n210(cc)-eng.txt,F,you should read the notes for defendant attached to the claim form which will tell you,NA
n210(ccfl)-eng.txt,F,you should read the notes for defendant attached to the claim form which will tell you,NA
n210(chfl)-eng.txt,F,you should read the notes for defendant attached to the claim form which will tell you,NA
n210pc-eng.txt,F,e that a separate application notice is attached.if you are seeking a direction that t,NA
n211-bil.txt,T,hawliad (ynghlwm) particulars of claim (attached)datganiad gwirionedd *(credaf)(cred y,NA
n211-eng.txt,T,(if applicable)hwfparticulars of claim (attached) part 20 claimant (s legal representa,NA
n211(cc)-eng.txt,T,claim form and the particulars of claim attached to this claim form are true. * i am d,NA
n211(ccfl)-eng.txt,T,claim form and the particulars of claim attached to this claim form are true. * i am d,NA
n211(chfl)-eng.txt,T,claim form and the particulars of claim attached to this claim form are true. * i am d,NA
n211a-eng.txt,T,ed with the claim form. you should also attach copies of all statements of case alread,NA
n213(cc)-eng.txt,T,) this claim part of the claim (details attached) 2. (i intend) (the part 20 defendant,NA
n213(ccfl)-eng.txt,T,s) this claimpart of the claim (details attached) 2.(i intend) (the part 20 defendant,NA
n213(chfl)-eng.txt,T,s) this claimpart of the claim (details attached) 2.(i intend) (the part 20 defendant,NA
n215-bil.txt,F,NA,NA
n215-eng.txt,F,NA,NA
n215pc-eng.txt,F,NA,NA
n225a-eng.txt,F,has partly admitted your claim (see the attached forms n9a and n9b) at the same time y,NA
n235-eng.txt,T,d party (give your reasons overleaf and attach a copy of any medical evidence in suppo,TRUE
n242a-eng.txt,T,eedings. a notice of acceptance form is attached to this form should the oeree wish to,NA
n244-bil.txt,T,"gofyn ir llys ei wneud, n24424.have you attached a draft of the order you are yes no6.",NA
n244-eng.txt,F,NA,NA
n244-eng.txt,F,NA,NA
n244(ccfl)-eng.txt,T,apply for an order (a draft of which is attached) that (2)because(3)1. where there is,NA
n244(ccfl)-eng.txt,T,ant) (1) wishes to rely on: tick onethe attached (witness statement)(adavit) (the clai,NA
n244(chfl)-eng.txt,T,apply for an order (a draft of which is attached) that (2)because(3)1. where there is,NA
n244(chfl)-eng.txt,T,ant) (1) wishes to rely on: tick onethe attached (witness statement)(adavit) (the clai,NA
n252-eng.txt,T,"cument eg. order, judgment ) dated(copy attached) i have prepared my bill of costs for",NA
n254-eng.txt,T,(insert date )copies of (1) and (3) are attached. i also certify that i have not recei,NA
n264-bil_doc.txt,F,"bost, pa fathau o ddogfennau apart from attachments to e-mails, which forms of electro",NA
n264-bil_doc.txt,T,"tion 6 or 7 is ‘yes’, state whether (a) attachments to negeseuon e-bost (b) ffeiliau c",NA
n264-bil_doc.txt,F,NA,NA
n264-eng_doc.txt,F,"ype) electronic documents 4. apart from attachments to e-mails, which forms of electro",NA
n264-eng_doc.txt,T,"tion 6 or 7 is ‘yes’, state whether (a) attachments to e-mails (b) compressed files (c",NA
n266-eng.txt,T,or part of case (set out above)(in the attached schedule) for the purposes of this cl,NA
n279-eng.txt,T,"ntinued, a copy of theirconsent must be attached to, and served with, this form.to the",TRUE
n3-eng.txt,F,should read the notes for the defendant attached to the claim form before you complete,NA
n316-eng.txt,F,itors firm position or office held date[attached is a list of questions which the judg,NA
n316a-bil.txt,F,der required the judgment debtor to]4. [attached is a list of questions which the judg,NA
n316a-bil.txt,F,NA,NA
n316a-eng.txt,F,itors firm position or office held date[attached is a list of questions which the judg,NA
n322a-bil.txt,F,ision or acas settlement (form cot3) is attached.cais am orchymyn i ganiatu gorfodi pe,NA
n322a-bil.txt,F,NA,NA
n322a-eng.txt,F,s conditional settlement (form cot3) is attached. the applicant applies to enforce a d,NA
n322a-eng.txt,F,NA,NA
n322b-bil.txt,F,ision or acas settlement (form cot3) is attached.cais am orchymyn i ganiatu gorfodi pe,NA
n322b-eng.txt,F,ision or acas settlement (form cot3) is attached. the applicant applies to enforce a d,NA
n325a-eng.txt,T,and made under the judgment or order is attached to this request. signedclaimant (clai,NA
n336-eng.txt,F,r of thecounty court please search your attachment of earnings order index and notify,FALSE
n337-bil.txt,F,at oclock at (address) n337 request for attachment of earnings order (05.14) crown cop,FALSE
n337-eng.txt,F,05.14) crown copyright 2014 request for attachment of earnings order to be completed a,FALSE
n342-eng.txt,T,ue is as shownmy evidence in support is attachedsignedclaimantdateimportant you must i,NA
n379-bil.txt,T,"least 1,000 and evidence of the debt is attached to this application. what amount is s",NA
n379-bil.txt,T,ster entry(ies) for the title(s) is/are attached. orthe land is not registered and alt,NA
n379-bil.txt,T,y the office copy land register entries attached orthe judgment creditor believes this,NA
n379-bil.txt,T,ke sure that the required documents are attached. your application will be returned to,NA
n379-eng.txt,T,"least 1,000 and evidence of the debt is attached to this application. what amount is s",NA
n379-eng.txt,T,ster entry(ies) for the title(s) is/are attached. orthe land is not registered and alt,NA
n379-eng.txt,T,ke sure that the required documents are attached. your application will be returned to,NA
n380-eng.txt,T,"least 1,000 and evidence of the debt is attached to this application. what amount is s",NA
n380-eng.txt,T,ke sure that the required documents are attached. your application will be returned to,NA
n39-eng.txt,F,NA,NA
n39-eng.txt,T,"ts.if a list of additional documents is attached to this order, these too must be prod",NA
n440-eng.txt,T,)a notice given under section 98(1)or i attach a copy of the notice which theresponden,TRUE
n445-eng.txt,T,and made under the judgment or order is attached to this request.++ *delete if not a p,NA
n446-eng.txt,F,(not warrant)in thecounty courtclaim no.attachment of earningsa/e no. order to obtain,FALSE
n461-bil.txt,F,tailed statement of groundsset out belowattachedsection 7 details of remedy (including,NA
n461-eng.txt,T,he box below. yes no3 of 6set out below attacheddoes the claim include any issues aris,NA
n461-eng.txt,T,ly available in the box below. included attachedincluded attachedincluded attachedincl,NA
n461-nodiadau-n461-notes-bil.txt,T,n 8statement of facts relied ondocument attached to the form. it should contain a at t,NA
n461-notes-eng.txt,T,"of the form, or in a separate document attached to the form. it should contain a numb",NA
n461pc-eng.txt,T,he box below. yes no3 of 6set out below attacheddoes the claim include any issues aris,NA
n461pc-eng.txt,T,ly available in the box below. included attachedincluded attachedincluded attachedincl,NA
n462-eng.txt,T,e that a separate application notice is attached.(to be signed by you or by your solic,NA
n462pc-eng.txt,T,e that a separate application notice is attached.(to be signed by you or by your solic,NA
n463-eng.txt,T,in the box below) a draft order must be attached. name of claimants advocate a copy of,TRUE
n463pc-eng.txt,T,box below) 2 of 2a draft order must be attached. name of claimants advocate a copy of,TRUE
n471-bil.txt,T,he employment tribunal act 1996: please attach the original award to this application.,NA
n471-bil.txt,T,"hat the award, the original of which is attached, has been led at the court and order",NA
n471-eng.txt,T,nal award number date of award //please attach the original award to this application.,NA
n471-eng.txt,T,"hat the award, the original of which is attached, has been led at the court and order",NA
n471a-eng.txt,T,settlement in form cot3 dated //please attach the cot3 form to this application. n471,NA
n471a-eng.txt,T,"he settlement, the original of which is attached, has been led at the court and order",NA
n5-bil.txt,T,erty. full particulars of the claim are attached. (the claimant is also making a claim,NA
n5-bil.txt,F,NA,NA
n5-eng.txt,T,erty. full particulars of the claim are attached. (the claimant is also making a claim,NA
n5-eng.txt,F,NA,NA
n56-eng.txt,F,NA,NA
n5a-eng.txt,T,particulars of the claim are [overleaf][attached]. the claim will be heard on: 20 at a,NA
n5b-bil.txt,T,"ritten tenancy most recent one, made on attached to this claim form.]yes nodd/mm/yyyyd",NA
n5b-bil.txt,T,", evidence of the application should be attached to this claim is the property require",NA
n5b-bil.txt,T,ruth*stated in this claim form (and any attached sheets) are true.* i am duly authoris,NA
n5b-eng.txt,T,copy of the demotion order marked b is attached to this claim form. the defendant was,NA
n5b-eng.txt,T,"defendant(s). a copy of it, marked a is attached to this claim form. the tenancy did n",NA
n5b-eng.txt,T,the defendant(s). it was served by: d) attached to this claim form is a copy of that,NA
n5b-eng.txt,T,", evidence of the application should be attached to this claim form marked d. is the p",NA
n5b-eng.txt,F,NA,NA
n5b-eng.txt,T,on (iv) a copy of the tds certicate is attached. (b) did the claimant receive a depos,NA
n5b-eng.txt,T,the notice expired on the dd /mm /yyyy attached to this claim form is a copy of that,NA
n5b-eng.txt,T,acts stated in this claim form (and any attached sheets) are true. * i am duly authori,NA
n5c-bil.txt,T,the claim form (as explained below) and attach the documents which it requires. if in,NA
n5c-bil.txt,F,NA,NA
n5c-bil.txt,T,"se delete the words in square brackets. attach a copy (of each), marking them a (and a",TRUE
n5c-bil.txt,T,"ved at the start of the tenancy must be attached, if this section applies. mark it b.",TRUE
n5c-bil.txt,T,provision. a copy of the notice must be attached. mark it c. say how and by whom the n,TRUE
n5c-bil.txt,T,"ou wish the judge to take into account. attach any documents referred to, marking them",NA
n6-eng.txt,T,erty. full particulars of the claim are attached. claimant (name(s) and address(es)) s,NA
n9-bil.txt,F,you should read the notes for defendant attached to the claim form which will tell you,NA
n9-eng.txt,F,you should read the notes for defendant attached to the claim form which will tell you,NA
n92-eng.txt,F,ck if you object to the court making an attachment of earnings order and give your rea,FALSE
n93-eng.txt,F,".............................. defendantattachmentapplication no.i,...................",NA
n9a-eng.txt,T,separate sheet add the claim number and attach it to this form. make your oer of payme,NA
n9a-eng.txt,F,"orm, please read the notes for guidance attached to the claim form name of court claim",NA
pa1-bil.txt,F,separate notes) note: do not remove or attach anything to the will/codicil assets abr,NA
pa1-eng.txt,F,"you need more space for answers, please attach extra sheets of paper to your applicati",NA
pa1-eng.txt,F,port form with your application. do not attach anything to or remove anything from the,NA
pa2-eng.txt,F,"seeing a grant. if they agree, they may attach conditions such as asking you to sign a",NA
pa97-bil_doc.txt,T,tation with a copy of the will (if any) attached to the grant copïau swyddogol ychwane,NA
pa97-eng_doc.txt,T,tation with a copy of the will (if any) attached to the grant • additional official co,NA
pcmh-bil_doc.txt,F,NA,NA
pcmh-bil_doc.txt,F,"ahân separately. if completed manually, attach separate sheets if os bydd angen.) nece",NA
pcpf244-eng.txt,T,"apply for an order, a draft of which is attached, for(3) i/we wish to have the applica",NA
pf170a-eng_doc.txt,T,the settlement or compromise should be attached to the claim form wherever possible;,NA
pf170b-eng_doc.txt,T,the settlement or compromise should be attached to the application notice wherever po,NA
pf180-eng_doc.txt,T,nts) and of every schedule or inventory attached thereto it or referred to therein and,NA
pf20b-eng_doc.txt,T,"of the part 20 practice direction, (b) attach the whole of form pf 21(and such paragr",NA
pf23-eng_doc.txt,F,has claimed the goods specified in the attached schedule taken in execution by the en,NA
pf244-bil_doc.txt,T,"apply for an order, a draft of which is attached, for 3 yr wyf i/yr ydym ni’n dymuno i",NA
pf244-eng_doc.txt,T,"apply for an order, a draft of which is attached, for(3) i/we wish to have the applica",NA
pf50-eng.txt,T,ulti-track (part 29)use form pf244/n244 attaching the whole of form pf52 as a draft or,NA
pf52-eng_doc.txt,T,tatement of case in accordance with the attached draft initialled by the [master/distr,NA
pf57-eng_doc.txt,T,following matters: (1. here set out or attach to the application notice the text of t,NA
pf58-eng_doc.txt,F,ed by the [master] [district judge] and attached to this order] or [as set out below].,NA
pf9-eng.txt,T,(2))parties should use form pf 244/n244 attaching form no. 42 as a draft orderand incl,NA
ph10-eng_doc.txt,F,acting. details of respondents (please attach separate page if necessary) name: addre,NA
ph18-eng_doc.txt,F,the act”) (1) with regard to conditions attached to a site licence or (2) to an altera,NA
ph19-eng_doc.txt,F,"rd to an alleged breach of condition(s) attached to a site licence, or (2) the taking",NA
plo6-eng.txt,F,law outline) 5other orders [ ] [ ] [see attached sheet] [] no document other than a do,NA
plo9-eng_doc.txt,F,date & time} other orders [ ] [ ] [see attached sheet] [(] no document other than a d,NA
plp10-eng_doc.txt,F,insert name] [according to schedule ‘a’ attached][as follows:- every [alternate] satur,NA
poac1-eng.txt,T,"ac) poac 1the terrorism act 2000 please attach a copy of the certicate, notice of deci",TRUE
poac1-eng.txt,T,y your appeal is late in the box below. attach any evidence/additional sheets if neces,NA
ppf-bil.txt,F,n sharing order or pension compensation attachment order may be made form ppf pension,FALSE
ppf-bil.txt,F,provision and implementing sharing and attachment orders mae'r adran hon yn ymdrin 'r,FALSE
ppf-bil.txt,F,fund (pension compensation sharing and attachment on divorce etc) regulations 2011 s.,NA
ppf-bil.txt,F,"fund (pension compensation sharing and attachment on divorce etc) regulations 2011, s",NA
ppf-bil.txt,F,fund (pension compensation sharing and attachment on divorce etc) regulations 2011 s.,NA
ppf-bil.txt,F,fund (pension compensation sharing and attachment on divorce etc) regulations 2011 s.,NA
ppf-bil.txt,F,fund (pension compensation sharing and attachment on divorce etc) regulations 2011 s.,NA
ppf1-bil.txt,F,fund (pension compensation sharing and attachment on divorce etc) regulations 2011; (,NA
ppf2-bil.txt,F,achment annex to a pension compensation attachment order [section 25f of the matrimoni,FALSE
ppf2-bil.txt,F,"fund (pension compensation sharing and attachment on divorce etc) regulations 2011, s",NA
pre-trial-checklist-eng_doc.txt,F,NA,NA
remo-10-eng_doc.txt,F,"or persons, additional particulars are attached 4. particulars (if known) of the debt",NA
remo-10-eng_doc.txt,T,n contained in this application and the attached documents correspond to and are in co,NA
remo-11-eng_doc.txt,F,"or persons, additional particulars are attached 4. particulars (if known) of the debt",NA
remo-11-eng_doc.txt,T,n contained in this application and the attached documents correspond to and are in co,NA
remo-12-eng_doc.txt,F,"or persons, additional particulars are attached 4.1 particulars (if known) of the deb",NA
remo-12-eng_doc.txt,T,n contained in this application and the attached documents correspond to and are in co,NA
remo-12-eng_doc.txt,T,n contained in this application and the attached documents correspond to and are in co,NA
remo-13-eng_doc.txt,F,f the application to which this form is attached and to the best of the applicantâs,NA
remo-8-notes-eng.txt,F,please continue on a separate sheet and attach it to t he applica t ion form. if the p,NA
remo-9-eng_doc.txt,F,"or persons, additional particulars are attached 4.1 particulars (if known) of the deb",NA
remo-9-eng_doc.txt,T,n contained in this application and the attached documents correspond to and are in co,NA
remo-9-eng_doc.txt,T,n contained in this application and the attached documents correspond to and are in co,NA
rents-1-eng_doc.txt,F,NA,NA
rents-3-eng_doc.txt,T,sheet if necessary. statement (a) i/we* attach a copy of the notice proposing changes,TRUE
rta4-eng.txt,T,e loss claim item being pursuedevidence attached comments gross value claimed% contrib,NA
rta5-eng.txt,T,e loss claim item being pursuedevidence attached comments gross value claimed% contrib,NA
rta6-rta-7-eng.txt,T,imant losses item being pursuedevidence attached % interest rate claimant defendant re,NA
send1-eng.txt,T,eceived during the assessment should be attached to the note sent to the parents and w,NA
send10-eng.txt,T,e being struck out or less weight being attached to part of the evidence. it is clearl,NA
send10-eng.txt,F,r the tribunal to decide what weight to attach to his or her evidence 1. witnesses who,NA
send11-eng.txt,F,has been set out in the case directions attached. this gives deadlines by which report,NA
send11yp-eng.txt,F,has been set out in the case directions attached. this gives deadlines by which report,NA
send12-eng.txt,F,has been set out in the case directions attached. this gives deadlines by which report,NA
send15a-eng.txt,T,mplete this form in capital letters and attach all receipts and tickets. section 1: pe,NA
send15ayp-eng.txt,T,mplete this form in capital letters and attach all receipts and tickets. section 1: pe,NA
send16a-eng.txt,T,mplete this form in capital letters and attach all receipts and tickets. section 1: pe,NA
send1a-eng.txt,F,"te in lieu, that note and the documents attached to it. if you are appealing against w",NA
send20a-eng.txt,T,paper but make sure that it is securely attached to your application with the appeal/c,NA
send20b-eng.txt,T,paper but make sure that it is securely attached to your application with the appeal n,NA
send20c-eng.txt,T,paper but make sure that it is securely attached to your application with the applicat,NA
send22-eng.txt,F,"rates those criteria, in any terms they attach to offers of a place at the school, or",NA
send26a-eng.txt,T,of paper but make sure that it is rmly attached to the form. 5section 5: are you maki,NA
send26a-eng.txt,T,of paper but make sure that it is rmly attached to the form. section 6: late claims w,NA
send26a-eng.txt,T,of paper but make sure that it is rmly attached to the form. section 9: documents you,NA
send26b-eng.txt,T,of paper but make sure that it is rmly attached to the form. 4section 4: are you maki,NA
send26b-eng.txt,T,of paper but make sure that it is rmly attached to the form. section 6: late claims f,NA
send26b-eng.txt,T,of paper but make sure that it is rmly attached to the form. section 8: documents you,NA
send27-eng.txt,F,s to be set out as above. the limit for attachments is 14mb (megabytes). if the bundle,NA
send4a-eng.txt,T,of paper but make sure that it is rmly attached to the form. section 7: late claims w,NA
send4a-eng.txt,T,of paper but make sure that it is rmly attached to the form. section 9: documents you,NA
send4b-eng.txt,T,of paper but make sure that it is rmly attached to the form. section 7: late claims w,NA
send4b-eng.txt,T,of paper but make sure that it is rmly attached to the form. section 9: documents you,NA
sscs1-(large-print)-eng.txt,T,se tick this box to conrm that you have attached a copy of the mandatory reconsiderati,NA
sscs1-eng.txt,T,se tick this box to conrm that you have attached a copy of the mandatory reconsiderati,NA
sscs1a-(large-print)-eng.txt,T,ur households needs. you are welcome to attach evidence which you feel may be supporti,NA
sscs1a-eng.txt,T,ur households needs. you are welcome to attach evidence which you feel may be supporti,NA
sscs2-(large-print)-eng.txt,T,se tick this box to conrm that you have attached a copy of the mandatory reconsiderati,NA
sscs2-eng.txt,T,se tick this box to conrm that you have attached a copy of the mandatory reconsiderati,NA
sscs3-eng.txt,T,se tick this box to conrm that you have attached a copy of the mandatory reconsiderati,NA
sscs4-eng.txt,T,se tick this box to conrm that you have attached a copy of the certicate of nhs charge,NA
sscs5-eng.txt,T,se tick this box to conrm that you have attached a copy of the mandatory reconsiderati,NA
sscs5a-eng.txt,T,before the hearing. you are welcome to attach evidence which you feel may be supporti,NA
sscs6-eng.txt,T,se tick this box to conrm that you have attached a copy of your outcome of review noti,NA
sscs6a-eng.txt,T,before the hearing. you are welcome to attach evidence which you feel may be supporti,NA
t03-eng.txt,T,ication to the tribunal. it should have attached to it any evidence which the tribunal,NA
t04-eng.txt,T,pplication can be short but should have attached to it any evidence which the tribunal,NA
t04-eng.txt,T,could be paginated and indexed and have attached to it the notice of appeal and all th,NA
t04-eng.txt,F,NA,NA
t113-eng_doc.txt,T,"in support • please indicate if you are attaching any supporting evidence, and say wha",NA
t127-eng.txt,F,"ever, that the tribunal has no power to attach conditions to a cto or to amend conditi",NA
t170-eng.txt,T,"sts oce for advice (details on page 5). attach any evidence and additional sheets, if",NA
t200-eng.txt,T,m/yyyyhome oce decision letter you must attach a full copy of the home oce decision le,TRUE
t211-bil.txt,F,ack of this form or on a separate sheet attached to the form if necessary. if you do n,NA
t240-eng.txt,F,ustoms (hmrc). please read the guidance attached to this form before completing the no,NA
t241-eng.txt,T,"or granted or refused hardship, please attach the letter they sent you. if you have n",NA
t243-eng.txt,T,rised as basic are informal. you should attach the documents you intend to rely on wit,TRUE
t362-eng.txt,T,"steps taken to locate the owner/owners (attach a detailed list of steps taken, when th",NA
t370-eng.txt,T,"n with an interest in the land, if any (attach list if necessary) nameaddress postcode",NA
t371-eng.txt,T,"n with an interest in the land, if any (attach list if necessary) nameaddress postcode",NA
t372-eng.txt,T,"nd to the reference yes noif no, please attach a document explaining why. please also",NA
t373-eng.txt,T,"with an interest in the land, if any: (attach list if necessary) address for service",NA
t374-eng.txt,T,ade by a claimant or claimants you must attach a statement specifying which of the gro,TRUE
t375-eng.txt,T,"o respond to the reference yes noif no, attach a document explaining why and complete",NA
t379-eng.txt,F,ers (complete the following details and attach additional sheets if required) 6. conrm,NA
t379-eng.txt,T,e. (a) (aa) (b) (c) not applicable b. i attach a statement of case in which i provide,NA
t381-eng.txt,T,plicant) concerning (land) objector(s) (attach a list if necessary) name address (incl,NA
t381-eng.txt,F,"(a),(aa),(b) or (c) as the case may be, attach an extra sheet if needed) upper tribuna",NA
t381-eng.txt,F,"(a),(aa),(b) or (c) as the case may be, attach an extra sheet if needed) any other rea",NA
t382-eng_doc.txt,T,persons: name: address: name: address: (attach a list if necessary) dated signed note:,NA
t382-eng.txt,T,...................................... (attach a list if necessary) dated.............,NA
t383-eng_doc.txt,F,or having a proprietary interest in it. attach separate sheet if necessary) 1. name: a,NA
t383-eng.txt,F,or having a proprietary interest in it. attach separate sheet if necessary ) 1. name:.,NA
t383-eng.txt,T,.................................. i/we attach three copies of the proposed applicatio,NA
t384-eng_doc.txt,T,"ured…………………….(state colour) on the plan attached hereto, hereby apply to the…………………………",NA
t384-eng.txt,T,"ged/coloured.(state colour) on the plan attached hereto, hereby apply to the....counci",NA
t385-eng.txt,T,on which you rely must be set out in an attached statement of your case. it should be,NA
t385-eng.txt,F,ield of expertise 3. i/we have read the attached guidance and request the: a. standard,NA
t386-eng.txt,F,ield of expertise 3. i/we have read the attached guidance and request the: a. standard,NA
t420-eng.txt,T,tion on-line it will not be possible to attach that certicate to the claim form. in or,NA
t420-eng.txt,F,please continue on a separate page and attach it to this form. if you are providing i,NA
t422-eng.txt,F,please continue on a separate sheet and attach it to this form. 7 employers contract c,NA
t423-eng.txt,F,please continue on a separate sheet and attach it to this form. 7 employers contract c,NA
t439-eng.txt,T,owing statement on your headed paper or attached to your business card: i conrm that a,NA
t440-eng.txt,F,"l, the size of any one email, including attachments, should not exceed 10mb. if you at",NA
t443-eng.txt,F,NA,NA
t444-eng.txt,F,NA,NA
t444-eng.txt,F,"e case, that a judgment is awaited; are attached to this notice. if any of these docum",NA
t450-eng.txt,T,ori am applying for help with fees and attach my application form ex160 if you would,NA
t453-eng.txt,T,ori am applying for help with fees and attach my application form ex160if you would l,NA
t464-eng.txt,T,ori am applying for help with fees and attach my application form ex160help with fees,NA
t470-eng.txt,F,es where the glaa modifies a licence by attaching additional licence conditions (alcs),NA
t470-eng.txt,T,ehensively the grounds for your appeal; attach all supporting documents referred to in,NA
t470-eng.txt,T,uments in hard copy form they should be attached to a hard copy of the completed form,NA
t470-eng.txt,F,"or revoke a licence and the conditions attached to the licence, the case would be ref",NA
t470-eng.txt,T,"capacity / authority: signed: (3) 4. i attach two copies of the following documents,",NA
t470-eng.txt,T,capacity / authority: signed: (2) 6. i attach copies of the following documents in su,NA
t480-eng.txt,T,ent act 2007. yes no4 of 7set out below attached does the claim include any issues ari,NA
t480-eng.txt,T,ly available in the box below. included attached included attached included attached i,NA
t481-notes-eng.txt,T,"ction dated 21 august 2013, as amended (attached herewith) or where your claim relates",NA
t481-notes-eng.txt,F,"of the form, or in a separate document attached to the form. it should contain a numb",NA
t482-eng.txt,T,e that a separate application notice is attached. (to be signed by you or by your soli,NA
t483-eng.txt,T,box below) 2 of 3a draft order must be attached. section 3 justication for request fo,TRUE
t484-eng.txt,F,NA,NA
t485-eng.txt,F,NA,NA
t491-eng.txt,F,e individual to exercise all the rights attached to their acquired gender. once a pers,NA
t497-eng.txt,T,py of the appeal form and all documents attached to it to the authority. the authority,NA
t53-eng.txt,T,le1 8dj telephone: 0300 123 4504 please attach the ex160 applicat ion form and support,NA
t541-eng.txt,T,nothing. i would pay no more than 75 we attach a list of all the work we do in the yea,NA
t542-eng.txt,T,tter to the tribunal in word format and attach it to the email (maximum of ve pages -,NA
t543-eng.txt,T,tter to the tribunal in word format and attach it to the email (maximum of ve pages -,NA
t544-eng.txt,T,tter to the tribunal in word format and attach it to the email (maximum of ve pages -,NA
t544-eng.txt,F,on by the local authority of conditions attached to a site licence; a compliance notic,NA
t545-eng.txt,F,tter to the tribunal in word format and attach it to the email (maximum of ve pages -,NA
t546-eng.txt,F,tter to the tribunal in word format and attach it to the email (maximum of ve pages -,NA
t601-eng.txt,F,erty t ribunal in wales please read the attached guidance notes before completing this,NA
t601-eng.txt,F,m when you file it. please also see the attached guidance note on fees. when must the,NA
t601-eng.txt,T,esses of all appellants must be stated. attach a list separately if necessary. where t,NA
t601-eng.txt,F,e cou rse of the appeal. please see the attached guidance note on fees . failure to in,NA
t602-eng.txt,F,NA,NA
t602-eng.txt,T,sses of all appli cants must be stated. attach a list separately if necessary. where t,NA
t602-eng.txt,F,he course of the appeal. please see the attached guidance note on fees . failure to in,NA
t603-eng.txt,F,perty tribunal in wales please read the attached guidan ce notes before completing thi,NA
t603-eng.txt,T,spondents in the group must be stated . attach a list separately if necessary. where t,NA
t603-eng.txt,F,he course of the appeal. please see the attached guidance note on fees. please enclose,NA
t619-eng_doc.txt,T,"tion appeals commission act 1997 please attach a copy of the certificate, notice of de",TRUE
t619-eng_doc.txt,T,y your appeal is late in the box below. attach any evidence / additional sheets if nec,NA
t621-eng.txt,F,"nal sheets of paper if you need to, and attach them to this form. in this box, give al",NA
t94-eng.txt,F,nded a permit or failed to renew or has attached a disputed condition to an existing l,NA
t97-eng.txt,T,tice and the date you received it. also attach a full copy of the notice and indicate,NA
t98-eng_doc.txt,T,tice you are appealing against you must attach a copy of the decision notice with this,TRUE
talg900-eng.txt,F,NA,NA
tcc-cm1-eng.txt,T,the reasons why on a separate sheet and attach it to this form. the construction and e,NA
tcc-cm1-eng.txt,T,se give details on a separate sheet and attach it to this form. 3court: chancery divis,NA
tcc-cm1-eng.txt,T,y and construction court guide have you attached a list of the directions you think ap,NA
tcc-cm1-eng.txt,F,NA,NA
tcc-cm1-eng.txt,T,the form. please ensure they are firmly attached to it. a settlementc pre-action proto,NA
te7-eng_doc.txt,T,o file a statement out of time you must attach the statement te9 to your application.,TRUE
tsf4-eng.txt,T,expenses and allowances payable leaet. attach all receipts. please print details clea,NA
tsf4-eng.txt,F,NA,NA
ut12-leaflet-eng.txt,F,"refuses to vary an existing licence, or attaches conditions to the licence, or grants",NA
ut4-eng.txt,T,e and appeal reference number on it and attached it to this form ut4 sendis form (upda,NA
ut4-notes-eng.txt,T,e and appeal reference number on it and attach it firmly to the form. ut4 (sendis heal,NA
ut9-eng_doc.txt,T,e and appeal reference number on it and attached it to this form h reasons for appeali,NA
ut9-eng.txt,T,e and appeal reference number on it and attached it to this form h reasons for appeali,NA
ut9-notes-eng.txt,T,the sentw appeal/claim number on it and attach it firmly to the form.page 3part h reas,NA
